address,address_type,balance,annotation
0x002781a27becd321d831d815e3fa386944b329c8,Wallet,8.90E-16,
0x0056db98538704fa5914d259c6e569318e6837f8,Wallet,9.24E-16,
0x0061331952bdba147dcae69976fd1cdef26d3971,Wallet,3.36E-16,
0x00821c92cf69751e05f8fb3c1421e1b83761c592,Wallet,2.44E-16,
0x008c593b1a4a1ffc5f3d104e4d1ef16e1e40bbf9,Wallet,1.51E-15,
0x00c67d9d6d3d13b42a87424e145826c467cccd84,Wallet,7.66E-16,
0x015befb758090caf23caf09dcdc107426bb1f07b,Wallet,1.49E-15,
0x028368e212809c44cb9e2d7738481f7facc5590c,Wallet,1.40E-15,
0x0317d91c89396c65de570c6a1a5ff8d5485c58dc,Wallet,4.33E-16,
0x03b79c0c1487a68aeabd9aa4ce779dad77855f52,Wallet,1.51E-15,
0x03c322db3f0d92ccdf6f8b6effd4031c94bed1ab,Wallet,1.15E-15,
0x03e20f219acd67b77833d92300d544f3aa89d54f,Wallet,3.07E-16,
0x0403a8c0197975e83244268c867042ce0d2bf961,Wallet,1.59E-15,
0x04212b21b40631d4de9653e5ec751267c2599d11,Wallet,8.31E-16,
0x0433062f9f466c4a184b2ba0e4da38efea5e2f87,Wallet,9.90E-17,
0x043690373eefa601daf5b579565ece51b16ede01,Wallet,2.61E-16,
0x04513dc3dcdea1a570ede00273889f12a3f91589,Wallet,2.20E-17,
0x04555dc96a977d9a6f5cc7cdc4a6d7e8001531f9,Wallet,1.42E-15,
0x047fc4d26905b96d489371080dc878f2574155ed,Wallet,1.11E-15,
0x048a4695e0a68b897491c22d19eff8cb5bb50c59,Wallet,1.36E-15,
0x049cd1f76d337179d0660d6bcbbf7d3b04f4055e,Wallet,1.22E-15,
0x04a190d66f638bd6f1c997c00a91c5b3a523d4a3,Wallet,8.77E-16,
0x04aad2ac419560291436fe7fec892dafd26f97a1,Wallet,1.33E-15,
0x04e5b349ec959ef84f1ed57a74d34a185790cc16,Wallet,5.20E-17,
0x05284a5c5739e63c58809b6f402560e92aac3f56,Wallet,1.15E-15,
0x052d94630f7704de28bbb2e981592389b74982bc,Wallet,5.01E-16,
0x053be302cd7d916131f9bcc6df52a52569eb0418,Wallet,1.25E-15,
0x054168d3238137b7298ef5c80c62437cc78f6620,Wallet,4.34E-16,
0x055265d9d0cf6972746fb43a038be123cb460856,Wallet,6.37E-16,
0x0568ae9ad0d897558c81ab91aba9456414f8b4ac,Wallet,4.78E-16,
0x056f154c822cb374508cd318038c3d1e1230c377,Wallet,1.72E-15,
0x05e0092331470b585dc099735569b75f01ea6821,Wallet,1.04E-15,
0x05e325c9cc037e9ffd3d26871ad73840bd4c0961,Wallet,3.00E-16,
0x064aa769eaec1fffe3bdd61d3258e027e2784bcd,Wallet,1.12E-15,
0x06871dae4254f67869e5ec2022235a58b8df061f,Wallet,1.22E-15,
0x072a5843901e376ef151db903a27ee0dffc04e78,Wallet,1.21E-15,
0x07a1f6fc89223c5ebd4e4ddae89ac97629856a0f,Wallet,1.61E-15,
0x07aeeb7e544a070a2553e142828fb30c214a1f86,Wallet,1.23E-15,
0x07f6c7902bb62e4fa202356eff458de266c122c9,Wallet,2.23E-16,
0x08049aa9471ac5bced3eb3ce275def31e7f420a7,Wallet,4.31E-16,
0x081252bb2c3d0241c0c90cb1b080d623f2167a9e,Wallet,8.64E-16,
0x083227628a8ce4b78ac244ffd140392393024242,Wallet,1.51E-15,
0x08419396ae3d85d4d85eace52be4b7baa50e6cc9,Wallet,8.00E-16,
0x0873abb0ced7f7f8c95aaddc5f0410203dbdae2c,Wallet,1.08E-15,
0x08cbf077180d45868cc04d8c053ec37025545933,Wallet,9.34E-16,
0x08d79cc620d0c9e471e6c09f0b4dc800b62235d3,Wallet,1.10E-17,
0x08f4d97dd326094b66cc5eb597f288c5b5567fcf,Wallet,1.62E-15,
0x08f845b2b4d40d2d0510ab5603ff7e102398952d,Wallet,5.33E-16,
0x091e2f9422a22a09e478455fd59be8cb6ee56463,Wallet,6.80E-16,
0x093df32815c318c4e8011beadde5e47f5a67d018,Wallet,1.95E-15,
0x09443af3e8bf03899a40d6026480fab0e44d518e,Wallet,1.45E-15,
0x094eeeb549b6328702958c2edc75a2644775ea82,Wallet,1.80E-15,
0x09988e9aeb8c0b835619305abfe2ce68fea17722,Wallet,1.15E-15,
0x09a5ab05bad9d6a773a935a3df93ad1ddb697133,Wallet,3.00E-18,
0x0a0871c2ea6f24149758dc5bd1136d337b7f47b8,Wallet,1.35E-15,
0x0a264e1ee0e75b428688cb615e32f31e836baee0,Wallet,1.14E-15,
0x0a2f3020d266a54fa8f0f72fd448969f74602222,Wallet,4.88E-16,
0x0a3bfd31570df77c243379606ef1fca7ddd2ec74,Wallet,1.11E-15,
0x0aa3f3a42a7fe9dbfe21e845b17be53001e5eb15,Wallet,3.88E-16,
0x0aacf5d8a327dc048055ba928ae79744863fc033,Wallet,1.28E-15,
0x0ab7fad91482cd1e835d8fe86a1cf897232f05f1,Wallet,1.87E-16,
0x0b24a0a60085c9eb84317a14a4859288920a806b,Wallet,1.62E-15,
0x0babd9eba4c7c739edd2dbcd6de0b7c483068948,Wallet,1.61E-15,
0x0bb45888e0af8d41c45ea1d4798b57fc8c31df21,Wallet,1.13E-15,
0x0beb4d131a8197aa42589f5d035a3a109a603da4,Wallet,7.32E-16,
0x0c0de322a88dbbef06f4624965de40ddec7283c3,Wallet,1.33E-15,
0x0c2f710164656e590a0b9557f9b69c7e46abd5d2,Wallet,1.66E-16,
0x0c87ac1afc4ea14a9def67780a26ed6c77475491,Wallet,4.66E-16,
0x0c99ce8c2c27839f93658ee82877eb9a7a8c9fbd,Wallet,2.95E-16,
0x0cb121e3e18c364f318a1fb97bd304e5855c8250,Wallet,1.44E-15,
0x0d09c3bd6270e90ca9ce846e2f35056627ddbd56,Wallet,7.57E-16,
0x0d23e2107fb2564343de28543545bcccc0b52574,Wallet,1.86E-15,
0x0d3f2d41e01d9b1d1963478eafb9a46415a773b1,Wallet,9.15E-16,
0x0d5387a3ee2466dbac658dd18033e303bfb26ab0,Wallet,1.19E-15,
0x0d84502cac3b46cebf1b4ce9978a3f017cf70f2b,Wallet,1.35E-15,
0x0da9ea7dc6e9e0c5daeb13078c1cc6d6401b1af8,Wallet,1.89E-15,
0x0dbcf16b831dcf2bb2ecca4b4e1869db15752a17,Wallet,1.02E-15,
0x0e11de3e815491b1383d2b9c4f99095c20b5bd90,Wallet,2.20E-16,
0x0e3d608c030fbf11081e3affd912b48562b0033d,Wallet,3.78E-16,
0x0e79c644ec160afe87ea8e87201c0fe35ba63e1f,Wallet,1.18E-15,
0x0e96cb345fd4eb5bbee67d6461e00f44b0b2d9b5,Wallet,1.10E-15,
0x0ed1e02164a2a9fad7a9f9b5b9e71694c3fad7f2,Wallet,1.41E-15,
0x0ef6e547dd86de09f0e8ece1e5a9f5ccb335ade1,Wallet,1.21E-16,
0x0f0924a3a5111e7987a23a49af826d2ba431342e,Wallet,1.54E-16,
0x0f35486db4b70584aaf308cced9b0d698c4be267,Wallet,1.77E-15,
0x0f4dcaaf0455f4bad9fb04ee0ddc82041d28e67b,Wallet,1.14E-15,
0x0f9b1b68f848cb65f532bc12825357201726d3d2,Wallet,6.12E-16,
0x0f9cb50b75905dd6876a64beaae3e2af017b4fa2,Wallet,1.78E-15,
0x0fd4130d6589083eb728bb40de3745ab70a5a1f8,Wallet,1.40E-15,
0x10031a8001d7ac0bf507cad46ff5e835c339d89a,Wallet,1.96E-15,
0x1007a39088c22a4dfe54032f08fc47a7303603df,Wallet,9.70E-16,
0x1071ef7a75cdfa9ebe97ed0a3e6cdb4f163305f3,Wallet,3.52E-16,
0x109c46209d4d31dd2e1e29d75eca721badcd4564,Wallet,1.39E-15,
0x10f43f8ee48edc51c6631eda770b7cbdbf6a1256,Smart Contract,1.02E-16,
0x10f9bcfbaf99c22eabd30fa12e41785ca2ccd287,Wallet,1.79E-16,
0x111c2825e5f29e8748f32b699a486021eca16765,Wallet,1.38E-15,
0x114bf9ec3994f8c1239b51f86881d44dabbaf6f5,Wallet,1.07E-15,
0x1156184cbc6d41271e728a3ef2bbca5df4c6fe48,Wallet,9.95E-16,
0x1188f5c39fce3718551144cc286fa2b071b88ef6,Wallet,1.73E-15,
0x11bfafae971d6e3964c59b44e504fea6dbb34457,Wallet,1.03E-15,
0x11eac01202bfcd3ac58d828043652773d67cee7f,Wallet,6.47E-16,
0x11f84d5dc8455b091d28567bea3c486311b7a9a6,Wallet,1.25E-15,
0x124cb8dde9f94917ef91910e0d751584861154a4,Wallet,1.68E-16,
0x129e81dad8cfaeecee130309b39b5f22215062ed,Wallet,1.24E-15,
0x130adf8be1ea2e34f6468a2fc6efd2707a4217d4,Wallet,1.32E-16,
0x134fd89319f1fd0c8f2b5ab6e03ec5b9d55a8946,Wallet,1.26E-15,
0x135c21b2da426760718e39da954974c4572ae9f6,Wallet,7.99E-16,
0x13900ff98596de4ac7d44c349732bea0c453dafb,Wallet,7.08E-16,
0x13942c62713e8583913a5bf3bf2dc4685c85e2a6,Wallet,1.87E-15,
0x139a88f5709ddb04877585578e48bb196e44483f,Wallet,6.44E-16,
0x13c9551ce838c8315eae3915d1dc2251c8521e46,Wallet,1.77E-15,
0x13e2ed5724e9d6df54ed1ea5b4fa81310458c1d9,Wallet,1.46E-15,
0x145f2d8a2f1514a1578fbcefd5c0caf1648c61f4,Wallet,3.75E-16,
0x1461b88e2a89c0cbf2dd9c5be293dc0a4c5b115d,Wallet,9.74E-16,
0x14b889b25e70f60d8dc0aa5f10c83680add61351,Wallet,1.67E-15,
0x14f43b8db061eefac3ca7daf70e8d9e238eb3b23,Wallet,1.63E-15,
0x1521fffc525a887292dfeb44d1c762b55090052c,Wallet,3.38E-16,
0x152ad2c855a5b8a8cbb39927101840108049a3cd,Wallet,7.46E-16,
0x15528d18d48ab02f52e2e612fa3d354a658719ef,Wallet,1.83E-15,
0x155ff6649f948029def74c9ea53e83b6967f4a84,Wallet,8.60E-16,
0x159f10569dee6d5de5ff7f264972bccfde392732,Wallet,1.45E-15,
0x15b894f4cf36b201d603478af891d92384ef6bba,Wallet,1.16E-15,
0x162bc01387ce534a46279b4f3fe16663d31a99a7,Wallet,4.00E-17,
0x1668c9725e27bf5943bbd43886e1fb5afe75c46c,Wallet,9.11E-16,
0x167c3ad56cde29a9a25710444c122d758421ed96,Wallet,1.71E-15,
0x168432cffabf08ef7bcf4d874a28b2e91b6aa876,Wallet,1.16E-15,
0x168881c05f745aecebbaa4d3d73fff1c4ccef683,Wallet,7.45E-16,
0x1695609ecf81d10f9b1227ced1a84eb36cffd57a,Wallet,9.84E-16,
0x17684f441a6d537d67210c7ef3df8341faa1373f,Wallet,1.69E-15,
0x17874eca352370a8cdcc80a3ea17f6c0f36e6f42,Wallet,1.07E-15,
0x17945de57b5b25300bc42223ffa66e84159e8d7f,Wallet,1.34E-15,
0x17a059b6b0c8af433032d554b0392995155452e6,Wallet,1.88E-15,
0x17b7163e708a06de4dda746266277470dd42c53f,Wallet,1.17E-15,
0x1814b585db8acefaa4ebf96240ed28528b8cc958,Wallet,1.66E-15,
0x18c6a47aca1c6a237e53ed2fc3a8fb392c97169b,Wallet,7.43E-16,
0x18d30607bbf97212e5c726669c0f556a21e6f802,Wallet,1.42E-15,
0x18dea29128e3a4b97c7db266643306b938b46343,Wallet,1.80E-15,
0x18eb2e1f8efcfcb092b700aea3324f00fdba08ee,Wallet,1.78E-15,
0x18ee15f0c12b3035c84a9a1027db1e1151308ac5,Wallet,7.80E-16,
0x18f016e80ffc42a4851cd0ed9a2b8416782df019,Wallet,1.03E-15,
0x1902a2f671a758cac0fe422f061e3e6ba00ff7db,Wallet,5.48E-16,
0x1936e4c96feda480fe7c864d44625b534bf613c3,Wallet,4.53E-16,
0x193c7bdc487b4c304c23be593a67632fa4b99f1f,Wallet,1.09E-15,
0x1952ece6b88d453087d44cd9807c76d7a7a67c89,Wallet,1.07E-15,
0x196b9529624d56f0aa96fe60d41d12fb456f14e9,Wallet,1.25E-15,
0x1984edf70973e1389548f21cd0dcb15b408240c9,Wallet,1.98E-15,
0x19e1dc2ea8cb44fd8eedc6e4030d54408d9568d9,Wallet,1.19E-15,
0x19e9a6a3fa71a7ed563b7de9133b96db798b2fa2,Wallet,6.20E-16,
0x19eb7ffdcd670ca917110bd032463120a5e58c8e,Wallet,1.55E-15,
0x19f08038baff897a500539f1c5d0c67fce0e7d11,Wallet,1.75E-15,
0x1a01ab49d0148e3005935f0f068f47ff54f54aca,Wallet,7.50E-17,
0x1a3ad63a36c19167430cb3fd35a1956d3b5c88c7,Wallet,1.90E-15,
0x1a4b0923b0f150b5fa8cdfb2138d0d78b1ec85fc,Wallet,1.90E-17,
0x1a573213c4189227dd1adefc128521af79da2d6d,Wallet,1.50E-15,
0x1a72451e54ea87d2552d2d75217001721bef3a10,Wallet,1.43E-15,
0x1a8912a243c2b70204f607f6cc20b94543664c30,Wallet,1.19E-15,
0x1ac793d91a0ac229e5a03e173c139409e4055a90,Wallet,9.22E-16,
0x1b6ab87017d61013b4a5eb4848e053ef79d6b2ea,Wallet,1.41E-15,
0x1b75fc0b0ad3ed55dc85fe1e3577b9c9ee94d685,Wallet,1.49E-16,
0x1b78364999d5fa10086143c2ad04051177490bea,Wallet,6.05E-16,
0x1b7c1ec2d63310bee3ca32341c8462ecdefd8784,Wallet,1.94E-15,
0x1bad375bf12ab60c297274fd7c41555f61486ba3,Wallet,1.02E-15,
0x1baf50a7d4d9bc7430f8617c71f0e00067fed557,Wallet,2.69E-16,
0x1c1722411c06c6acf15a3a6f174aad0ae42d5467,Wallet,1.48E-15,
0x1c7afc36b1f656429fa23a55d546b2b4ce2c6f99,Wallet,8.00E-17,
0x1c7c196266408c445b17628cc9f6ba1c9b8b69c2,Wallet,4.22E-16,
0x1c999aae0de842e364e0895c354adb3b742de8e7,Wallet,3.29E-16,
0x1caac013aa3692455048467e9c6c8959f1f80380,Wallet,1.59E-15,
0x1cdbe0baf9226b291f309b43248b87f3b963e76f,Wallet,4.16E-16,
0x1d0975be56dbd70cd8fd1a2fc691c6b8b9d4b8c2,Wallet,1.18E-15,
0x1d911bcc079660aafb772d48b992d50815b7a66d,Wallet,2.36E-16,
0x1df428833f2c9fb1ef098754e5d710432450d706,Wallet,1.67E-15,
0x1e56ae26d73bc2350281749f03c7d88a19a157b5,Wallet,1.72E-15,
0x1ea83500d1bc7001fac0a54da1d44139b1b6a35a,Wallet,1.95E-16,
0x1ee0f21a0aacb4a90b8777aefa227653b6160ede,Wallet,4.29E-16,
0x1f17622b05645df8dbf70e5258517718d226bbb0,Wallet,8.45E-16,
0x1f36692c6e2c85c7d2384abc2e9ff62515221587,Wallet,1.17E-16,
0x1f5ee609a60def221445eb66018bc122700a234c,Wallet,2.37E-16,
0x2079c29be9c8095042edb95f293b5b510203d6ce,Wallet,1.81E-15,
0x20b9973103b65d4ea8d0591634e5e757aacd3030,Wallet,4.48E-16,
0x20d4b0aadc800e56ac24f4ad92ea98b67b13bb96,Wallet,1.69E-16,
0x210046f6ffcc515d14f5be80fd5b11a086a12249,Wallet,1.25E-15,
0x219811376f8eb36c7f1c541e1c875bfbb38d516e,Wallet,9.32E-16,
0x21ce36c72ff8f1aad7c3915e62f9821da29c2dc5,Wallet,1.23E-15,
0x21cf67ebba0f6e18cddb1da09b0361a0fe621565,Wallet,1.43E-15,
0x21e4c2c6691b79b108756b285510cce8a729d25a,Wallet,1.76E-15,
0x21f948ef3afe5406f8b2d911e05eae4ffb82ecb4,Wallet,6.85E-16,
0x221494fffd98355ff99ad1030d43a8ca05d995f4,Wallet,9.50E-16,
0x22b660f6e6a007acea649acd028a8d057c15620c,Wallet,7.82E-16,
0x22ce7ccaacd70a254d4fae8b79040e9f2c97ebd4,Wallet,3.10E-17,
0x22e8ef9904356eca902c4462d4e32e70fcaad4c4,Wallet,1.30E-15,
0x2304dab8461f2023346d0722de4a4c53bd938580,Wallet,1.86E-15,
0x232471158a3b27db0fca92a9d82892c111e9ec06,Wallet,1.31E-16,
0x236815874ad796519019df212b09e3cda7c5698b,Wallet,7.90E-16,
0x23cf7fc18dd1a0ca180875c3c7ca78aa3014fa5c,Wallet,5.18E-16,
0x241ceb6c4c397639d8db8757ea90758b861063c2,Wallet,5.00E-17,
0x2458d812017ca0e246a3236df55d99eec6e80197,Wallet,1.02E-15,
0x24c5c72d4f77662286fa84d547b4c04f235e61de,Wallet,1.13E-15,
0x258bbe85de84471a93cb981ef8565d1fa7fcd11f,Wallet,3.90E-17,
0x25af77e48f97d473d2b3b598ccae7940cc9f0eb8,Wallet,1.77E-15,
0x25e4b241d4ca338b49d429178d55e6118090afcc,Wallet,1.02E-15,
0x263ea7aeb309b7da0ee2679b5b8dd76d56ab455e,Wallet,1.13E-15,
0x267a3195ea57ad38e65993dbcb9fbebf8995621d,Wallet,1.32E-15,
0x26c91c85c1a8401a1f4d1b2396859be891daa8e2,Wallet,3.00E-17,
0x26d3be736ab6b5d8a3266ffcc0895ddc1bc19a38,Wallet,1.48E-15,
0x270989e395da86f3d6cd8a5d361c0ff15482fd6d,Wallet,1.39E-15,
0x273b1e5603bfe4ff63b747e3cd4801ae9be161c4,Wallet,1.72E-15,
0x27b76a0c30cc0396490e6712d00a41eb0d2e4ada,Wallet,7.28E-16,
0x27d114426a924631f70979f31573e37fb07d3280,Wallet,1.80E-15,
0x282785226628c8719257f5221ff9c68841b04f2a,Wallet,1.29E-16,
0x28411d470fc1b40e52acccf47e43d39e815ffbf0,Wallet,1.40E-15,
0x284643cea4d1aa85596c69195557967408fc18f7,Wallet,8.41E-16,
0x28751eb911f220228cc6973f514ae89839a22f26,Wallet,9.37E-16,
0x28a63e5ea686713345e336905465d112c3d9d494,Wallet,1.72E-15,
0x28f957d56fc3dabb7e79818a5cbeb7fd90d0793a,Wallet,7.94E-16,
0x29153510ae8fbd3b6ce1a0e3e2147f5ddf3da23a,Wallet,1.72E-15,
0x291a1580ccbf3b6ba0a57245007a2fd904073e61,Wallet,1.19E-15,
0x29f4b3df64f412239a21696d589115be212bc640,Wallet,1.07E-15,
0x2a0e7eb36f748995b45935ff6a6855e0f54cd412,Wallet,4.91E-16,
0x2a24bfa62051c635d6bc44147a8c6f491fcf17ac,Wallet,1.95E-16,
0x2a60f22f2857853ce97b87401698deb47b40029d,Wallet,8.21E-16,
0x2afc91a1c9a94dcdabc5dde6a7ab810668c49583,Wallet,2.96E-16,
0x2b14a75f9bfa08e4856b303c1040d8952c8b359b,Wallet,6.95E-16,
0x2b7082b5109bce565ea22d53abc555bdf98eabad,Wallet,1.36E-15,
0x2b95620d41d5488d1018350c562b52622e68f0a5,Wallet,9.33E-16,
0x2beae0f40aee2d68fb9844b2cc70ad545b0e1150,Wallet,6.85E-16,
0x2beba030cdc9c4a47c5aa657974840428b9fefac,Wallet,1.39E-15,
0x2c3dd65e94f97b2a25239eddffd2e192c08769b8,Wallet,1.41E-15,
0x2c6b550ec68669983c6abf4fa47f377e583b3b31,Wallet,9.12E-16,
0x2c90f88be812349fdd5655c9bad8288c03e7fb23,Wallet,1.11E-15,
0x2cadf1261e6e1eebbdf1a4b50a8d610400289520,Wallet,9.75E-16,
0x2cc8ee5ebbd34abf975f4c5cea56bdcea90bed16,Wallet,1.42E-15,
0x2d39adce7c374242a0221bd22490f95171796b12,Wallet,1.66E-15,
0x2d6f47a0afa5e95f6f3e85153121383abfa05106,Wallet,1.85E-15,
0x2d9bb0ca565ae83b93737e4f2d9acc0d2ae21055,Wallet,3.91E-16,
0x2da2b7a81f6105a7e82816f1eb058fb5225e6e51,Wallet,2.98E-16,
0x2dc808d00e654c222272be748ca1af928e7cad56,Wallet,1.36E-15,
0x2dd0add5d9ebc1bb102a0b0a51c1660c1e6b71a5,Wallet,1.36E-15,
0x2de14db256db2597fe3c8eed46ef5b20ba390823,Wallet,1.98E-15,
0x2e0386b30433580f659bed23d8b4ab6f5525bc77,Wallet,1.05E-15,
0x2e0cbadfa21908e31dd84ead8761fbb20b4b5688,Wallet,1.07E-15,
0x2e89a80058045605bee9f9a39d5119479b30edbd,Wallet,1.59E-15,
0x2ed7d62a610b9a9ebf5e200759f2f947ac611c34,Wallet,1.81E-15,
0x2ef1ff80d38a13d3b02b545a8a406a45c711959d,Wallet,7.29E-16,
0x2f16c5ae6f07aa2b85c6b71e9179ffcb47045677,Wallet,1.32E-15,
0x2f198bc90c81ac807a15758157fed6da907d5df9,Wallet,3.45E-16,
0x2f34dfb91116c5f56aeb444fd18e7ef0d8158f7b,Wallet,1.37E-15,
0x2f9c8f825173daf5a68e6035440e1de57d69cb39,Wallet,1.65E-15,
0x2fa2cf37b1a330389b1cf8b985f71ff76a980ac4,Wallet,6.15E-16,
0x2feb4ba097d533d8f91b2cf915c2db498d1ea810,Wallet,1.80E-15,
0x3021d79bfb91cf97b525df72108b745bf1071fe7,Wallet,3.11E-16,
0x303eefedee1ba8e5d507a55465d946b2fea18583,Wallet,1.57E-15,
0x3092d6514a0c0c6e36b67f7b7c585499ef6dcbdb,Wallet,1.50E-17,
0x309db00346886e58f9411baa6dd6eeb84aad978d,Wallet,1.86E-16,
0x30fe9e1972a79f7351749602c5e3253de6310ba1,Wallet,1.92E-15,
0x310ddb2a790fc9a1de30cd8baf631ff787d6379e,Wallet,1.96E-15,
0x314e11ef14eb43f7b9c66dd87ea526a50f97ae38,Wallet,2.97E-16,
0x32664406906f004dbd322a2d7b3fb09a92f40bed,Wallet,3.99E-16,
0x327d36a0a95657d3b3cdbb9a91607106ebebb6f6,Wallet,6.00E-16,
0x32802f989b4348a51dd0e61d23b78be1a0543469,Wallet,5.00E-18,
0x32e28f3bc21e460faf27aa9053761553c644295b,Wallet,8.78E-16,
0x3360e49ae7551275d9bc4fef223ef72d22c6ffb0,Wallet,1.83E-16,
0x337824be3c71ad5b3a35e92878af4cd09f94888e,Wallet,4.09E-16,
0x338050301df259ab1aee79026e6e1bff7b10c899,Wallet,7.05E-16,
0x3380d41b46082481f4f9a0bfee2cc5e1828476d2,Wallet,6.83E-16,
0x33a8119ae5a1dee85ffa994de959ca7617baef77,Wallet,1.33E-16,
0x33ef532e4757bccaa8e84f54a89ba8b4b17540a3,Wallet,3.89E-16,
0x3442bcafff7deaff26caad507b22c38aceb86f81,Wallet,1.11E-15,
0x34612cd0fd9a9d50359363e6c3b20c55f68331c9,Wallet,1.97E-15,
0x34874fed5c9ec7b40599c903d10fdcf62ffef6cf,Wallet,4.13E-16,
0x348b155c9cabcd10a514910a629f9964646d3082,Wallet,8.18E-16,
0x34d61ae07b1f5dfde3eb65f7f6ab827c54a545e3,Wallet,1.58E-16,
0x34f2ac6a80f919ba9352b6c5f9c2e1e0814e6a7f,Wallet,7.15E-16,
0x352b2fb17545be181937dc0e17b68a396b7513a5,Wallet,1.94E-15,
0x355c911052a33c347234014c43f0785db4ed6af0,Wallet,4.67E-16,
0x35ba902c83193ec7af20d3e186e748950d8376ad,Wallet,1.74E-15,
0x35e689b0833020cc99aae5319028aa00d196bc56,Wallet,6.10E-17,
0x362517b7a6f548925618097c6c450e39854d76d6,Wallet,8.82E-16,
0x365595ab460cb664c77d4e038c9051f09d781065,Wallet,1.91E-15,
0x3672d8bac308b49b7de9b63fb6a5bd0162f28c61,Wallet,1.90E-15,
0x3680eaf1f85bec9f120bcaaa9ef469fb849e1781,Wallet,4.42E-16,
0x369464e39d31255ee5471a47c5ca80cc38828154,Wallet,7.65E-16,
0x36aaf8a503b145f90f71c93f901049359b880abc,Wallet,1.77E-15,
0x36ed2d75a82e180e0871456b15c239b73b4ee9f4,Wallet,1.86E-15,
0x370b1bd63e14ee0fe60c25c8626407dbd61ad4f0,Wallet,1.72E-15,
0x374859c031159a1bf377c6d96931b7790b8695ae,Wallet,4.64E-16,
0x374d5e2940beaaff058b79dbaa3ee9fdc0700137,Wallet,3.01E-16,
0x374daccced5a53568332c770b5ed5451fc22f016,Wallet,1.75E-15,
0x3763ee05f03b15a0ddb80dd8ac74a58082e03110,Wallet,6.06E-16,
0x377b878badfffa1b90f702ff8ad6fea4ff6af1fb,Wallet,3.22E-16,
0x378edcf0ab5908981986b864b57098568af43c05,Wallet,1.22E-15,
0x37c4e5f85f3c92679facdf0b6aeca8819904939b,Wallet,1.88E-15,
0x37c8deabe13bd8e1ab0d4eeeaef88a8c5ae4d926,Wallet,1.59E-15,
0x37ebcec5ffa72db2a96f1e33883c59bb5662bcaa,Wallet,3.77E-16,
0x38284a0f7eb7933fd8a398f14d1c8e75da15f27e,Wallet,1.47E-15,
0x382f672b95ece16acf684ce05eb9665f826ff10a,Wallet,7.09E-16,
0x3839acf1ee7699d1f46b1be840d8ad8317fdf757,Wallet,1.03E-15,
0x383d850b563294fbbae85ae159646a2d4df3ea7d,Wallet,1.95E-15,
0x388947fa3aa839238cfbe6dd71ba2f892881aee5,Wallet,1.01E-15,
0x389d199e546ef8fa8979a8d5dfe1742e023bb88b,Wallet,1.67E-15,
0x38a61a047066a9871884ed46385ab93fbdb5da2f,Wallet,9.35E-16,
0x38dab69dbfa3f50182779b26083e43be46d6ece0,Wallet,1.16E-15,
0x38f352e12ba6156a4f299972407653ff383e33c9,Wallet,6.33E-16,
0x3932f608f69eeb3e58ee067be0b03ca4d82da6fb,Wallet,8.54E-16,
0x393bd4c89cfbc668821dcfff83589126a046f339,Wallet,6.74E-16,
0x398137383b3d25c92898c656696e41950e47316b,Wallet,4.03E-16,
0x39d4cfb24b6431297b62bcff03748f21e2617d7a,Wallet,5.31E-16,
0x39dd2fb030cc33d0e3019d2358376e556d9371e4,Wallet,2.07E-16,
0x3a2ae455c0087756054cd7a31738ea2f589e5f62,Wallet,1.30E-15,
0x3a82149f448d73adf2fb4c7b43e0082dd41618e5,Wallet,4.30E-17,
0x3a96e21b7c8963ee721952c8480b04fcabf35d47,Wallet,6.87E-16,
0x3aab3396fede536accb3a578cd96617092270536,Wallet,2.02E-16,
0x3ad07ad1cdddcfd8fa8e080639b2867aaadbed00,Wallet,3.64E-16,
0x3add133e787582c70decdce63e5f49e207fe6dc6,Wallet,5.26E-16,
0x3b0f3cfbbbd9402cb95391fe6a1bc64267db4f07,Wallet,4.12E-16,
0x3b1ab4d459df4e733934837364f232bfffadda01,Wallet,1.78E-15,
0x3b3525f60eeea4a1ef554df5425912c2a532875d,Wallet,3.50E-17,
0x3b5e61381eb9ce67e3abd71c51633e4ca95e4d14,Wallet,6.42E-16,
0x3b639620b1519c488eb739eb29ee8f05f04e8524,Wallet,1.50E-15,
0x3b7608e01a805a363380e8bb932b9a1d99dc69db,Wallet,1.96E-15,
0x3bb33dcec082a63eb0b6280bcdc7690dcbe1b44e,Smart Contract,6.11E-16,
0x3bbd8daaa38857992ce9ff140d1e1810c98f0b71,Wallet,1.66E-15,
0x3bc36bbd610ac4671c502134bbec2379de689e80,Wallet,1.35E-15,
0x3bc56793dfbf2af9c77cfbf144b34f16002f9888,Wallet,1.05E-15,
0x3bcadea43e7a69edf603838f3e36a78df04b0153,Wallet,1.07E-16,
0x3bdedc85d84064e9dc8813f1066272e15ff95a17,Wallet,1.11E-15,
0x3bf0282b0199d486c4abc76298c0f3dbdfa77455,Wallet,7.72E-16,
0x3bf0f2caac44d853be372cb0286b00ddbad98767,Wallet,1.08E-16,
0x3c660ba40c777257458565b0ce72cc196bb9db0b,Wallet,1.70E-15,
0x3cb159db866157e9ad6980099a3707d4c29c5df6,Wallet,8.07E-16,
0x3cb91a674fd627b66eeafcdf0cbcf963cede73ad,Wallet,5.90E-16,
0x3cc1a943b27c2af7c6dcf3be0137f66c2f22e712,Wallet,3.30E-16,
0x3d621e3ed5aa972a4ecadd1948a9011e0260d21b,Wallet,1.56E-15,
0x3d9456ad6463a77bd77123cb4836e463030bfab4,Wallet,1.61E-15,
0x3da59eb9185b88b06e3a4f71c6481cbfc97830b3,Wallet,3.25E-16,
0x3dbb5d7cbf61e42529ae2067d5a58ceb0803f750,Wallet,1.42E-16,
0x3dc318376e3ff970eb47434cc85ebe8a60480882,Wallet,1.23E-15,
0x3ddd258ffecf7fcab34b3ed7776b732a18a87620,Wallet,1.50E-15,
0x3de025cf38e843490388a761540bd3f155249873,Wallet,1.61E-16,
0x3df4676cac5915a1a5b353262f60b90530db3529,Wallet,1.49E-15,
0x3e397e679fb1adb0ac1facf4679cc222a9dea1a3,Wallet,4.72E-16,
0x3e6c38be1376b0307254ae6afe07588680d339fe,Wallet,1.98E-15,
0x3ed7a8c2139710a3dd22d61555e2004a47a68097,Wallet,2.66E-16,
0x3ede152d4f31444c1a95bd01b987258f9db33fc2,Wallet,6.28E-16,
0x3f0e4ee6039f018ee71606aa28c41ccde9a758d6,Wallet,9.04E-16,
0x3f1a421b47c5a9ec1025475a3fd3e99ce20616a2,Wallet,4.46E-16,
0x3f37ce144df761d5e9a2f455c539173444c80cc5,Wallet,4.50E-17,
0x3f6a5c2791b993a1834a32507f6f8efa17005480,Wallet,7.61E-16,
0x3fb95b9d26036a370f0e394ced57009c24163a0d,Wallet,1.44E-15,
0x3fea327fd47033ed76d228bda22fbcc9b8824d0c,Wallet,1.91E-15,
0x400ae133398bb547c4d1188df79aba0cb5138d99,Wallet,7.76E-16,
0x40415c1c0e7a8ff3e184b51a94a2fc5b92df9434,Wallet,1.66E-15,
0x40597b575863af346bb82a7c9ecb26f812dd4436,Wallet,2.90E-16,
0x40a39f9fb798435993bca98cdfe09b79ae04a610,Wallet,1.00E-15,
0x40bdaf038d9263adfd4b31c7c5ba4830c8a03314,Wallet,1.93E-15,
0x41105f9e9f0b709d2ecffac3e3b3eaba1d17de58,Wallet,1.95E-15,
0x411bb125a2483338027a79b2d984399e672f7402,Wallet,1.50E-15,
0x416549ce5db0bd794dd821f595afa26db89ac71a,Wallet,4.26E-16,
0x417942ffbbc53d3e3ac888c8d6e345590bfc4d1e,Wallet,2.94E-16,
0x417bc68ac3d65fe9f0dbb76f20ad765f42e0717f,Wallet,1.47E-15,
0x4188c4cd0d7cd95fe54e8c55ccd2d057b9d01980,Wallet,1.46E-15,
0x41e54704acc2787b2b987b56111ca934ad3e3210,Wallet,1.54E-15,
0x41f9e89b9cd3d10a928558f081800df71e7dddaf,Wallet,4.47E-16,
0x4282c036fffb8e17cc0b0a316358b4302e2d3c5c,Wallet,1.32E-15,
0x429ca032b8762348ae732272724891f02559ad86,Wallet,9.66E-16,
0x429f42fb5247e3a34d88d978b7491d4b2bee6105,Wallet,1.67E-15,
0x42cef1ef2342231b0dff3fa71fabd820c4d8789d,Wallet,1.35E-15,
0x42fd42b2755934e89c830f165a14c44651b12f49,Wallet,1.93E-16,
0x4322aa46ffed67809862da613725728e2fb8eae3,Wallet,9.19E-16,
0x432340e37c859739f1530a1f94556250a097859d,Wallet,1.21E-15,
0x432d27bb7287498f3e9c8efded7d5c9ad0055091,Wallet,2.26E-16,
0x433a3ee1de0ff146a20b7c246e0d1d09e19d0b1a,Wallet,1.55E-15,
0x4389338ceaa410098b6bb9ad2cdd5e5e8687fbf7,Wallet,4.85E-16,
0x438b808cab028afd59a0542661efd9b44e77e8d6,Wallet,1.27E-15,
0x43a8ec32fdb4fed8616c2ecb464f587c71c231e9,Wallet,1.23E-15,
0x43c3f53587ec37fb53f595e7097da8f885fcd96c,Wallet,4.63E-16,
0x43cf42a1fb39e54d263fc7e4b522e3f1541547ec,Wallet,1.89E-15,
0x440daa861400bf754b83121479bf26895f1df7c4,Wallet,2.68E-16,
0x44218306e62d278499efc8cc507e089d6d245fc4,Wallet,1.55E-15,
0x443d1f8a358b8f76df166e7c59afd4cba70073c7,Wallet,1.46E-15,
0x4444a136b1445b1f5e4a20656854adcf6fa3d667,Wallet,1.19E-15,
0x446db8a30f492e517de8576bdab40c9299066a6f,Wallet,1.62E-15,
0x4481cd4231c27f1fe64df32604a33bdb1f6248ea,Wallet,1.63E-15,
0x44a3ccddccae339d05200a8f4347f83a58847e52,Wallet,1.70E-15,
0x44dfdb5d9e035ebe5793a5060e5bc23514853932,Wallet,2.32E-16,
0x44e7ca1b137f8e4eeaaa213214ce83bd766e2650,Wallet,1.92E-15,
0x4530d3451dc9e4223d723801aabf01c9f8041f69,Wallet,1.63E-15,
0x45b383d15cae3175952e8e989fa7f475a87f3810,Wallet,1.71E-16,
0x45d6d9f604013b4f7442341b81a77fe4c391444f,Wallet,1.58E-15,
0x46301f7e700be9cffce3e5e142a2244df3f2d4f2,Wallet,1.23E-15,
0x469adaf766fb35f1a3c2569fe8c57a50f4b39131,Wallet,1.80E-15,
0x46e0dcceb5357f1c59a9de1b29173f85ddb8198f,Wallet,8.11E-16,
0x46f6b742135a31e0670905af32b784f73c4dde46,Wallet,1.88E-15,
0x4761d299899cbfd0ad2419c38922a148a6c64254,Wallet,1.39E-15,
0x479bf4c9d6fc555dc0ffeee66bb7ac17ac80a51e,Wallet,1.79E-15,
0x47b2b5dc779b6109ddc397b510dc72d894d116f3,Wallet,1.49E-15,
0x47bc7582a61b9afb2d3302a751c5a14ba03bbcfe,Wallet,1.70E-15,
0x47fe0c316373474d96eb77c16f810036e287f40f,Wallet,1.24E-15,
0x481c0121be626ed5544249c9fe88fef7c78e53dd,Wallet,9.47E-16,
0x4831fae5df05008cce984d71ee4e6fa78b09d53e,Wallet,1.72E-15,
0x483cdc51a29df38adec82e1bb3f0ae197142a351,Wallet,1.02E-15,
0x4888c0030b743c17c89a8af875155cf75dcfd1e1,Wallet,1.71E-15,
0x48ab7585f72517714058ef658968ba2cd7021fb3,Wallet,1.66E-15,
0x48f3b8871c0da97c2db6ec35e0961fc269870d63,Wallet,1.63E-15,
0x492bbac4ce89b02aede2d39e5efb2ebacfc6cc90,Wallet,2.53E-16,
0x49319b532482dfd1385f7efa610281d24a69de0b,Wallet,1.03E-15,
0x4949dd724ffcd0a238e38004f773bffd072b21c0,Wallet,1.27E-15,
0x4956d1e918ab6ae79879dc8f871054b8d9bd4ab0,Wallet,7.41E-16,
0x49dd50cc5831f65f939c407a643bcca8736b7007,Wallet,6.73E-16,
0x49dfc7999be4e5c938a18676aa11e96e3bf87ee8,Wallet,5.66E-16,
0x4a20a664d4e1374cc5b94052ba46455e69fca5a1,Wallet,8.94E-16,
0x4a6e297b23b9389380987e901481811d83e945c4,Wallet,6.62E-16,
0x4a9bae5f1d936df5a9ae1ca3a08154106c118ed8,Wallet,1.45E-15,
0x4ad351def4647835678f87d7cc4da680fea53167,Wallet,1.91E-15,
0x4ae4df9cdfc73dff4bbeb225cbea22adb6900f13,Wallet,6.25E-16,
0x4b442a5b80d6a90df97b3d2304737467867588af,Wallet,6.29E-16,
0x4b4c43f66ec007d1dbe28f03dac975aab5fbb888,Wallet,5.08E-16,
0x4b793c4003d5e7efec37e0e1b0ea8ffb535f3956,Wallet,5.59E-16,
0x4c54a192810d990287be53216ed4ce7bfdfcf04e,Wallet,1.65E-15,
0x4c8a3419c43ce5a8fff9626624b66014ce26a230,Wallet,1.64E-15,
0x4d1467c312a83794c99b9db678dfdfa743394ef7,Wallet,1.60E-15,
0x4d23ed7bf0ceb16e338e793149724a58d1f3c8aa,Wallet,1.24E-15,
0x4d2aa588e97901be6ad0cd1625db9f2f5cce892a,Wallet,8.90E-17,
0x4d408f76fa41f077cbb6a94a1b61205531222076,Wallet,1.27E-16,
0x4d94b0b52c42cf35b4ef81f89638846eceaa0257,Wallet,1.70E-15,
0x4db95b98706c56bb8cf1476018ee4ce9d2811bbf,Wallet,4.00E-18,
0x4e5551098c14a2786f184da2d943dff92e4c90b9,Wallet,2.15E-16,
0x4e672dafb5388dec42c3e6fbe2477af1bc0ecfce,Wallet,1.07E-15,
0x4ecbd885632d476c6ecacabf8885d77fb56ac7bd,Wallet,1.30E-15,
0x4ed28d4cda7634514c9185747e0ba9ebe31c16d1,Wallet,7.59E-16,
0x4f0fccaea74d13881b7c02f671aad749b684e09c,Wallet,6.16E-16,
0x4f422c95adff6bd534ee3d28d98967962378437d,Wallet,6.75E-16,
0x4fe6a93a935dcfbcec986fe9d81ff750c44e5397,Wallet,1.02E-16,
0x507d01fed85f9c677d5f714438028aba91527bdb,Wallet,1.20E-15,
0x50d271519510c55b15408c2c6aeed69800694ef4,Wallet,2.56E-16,
0x5119896e19e68363a70ec6f8e2e29e879a183384,Wallet,1.38E-15,
0x514b1861561fddf86baf8462e001a1584e1b7b83,Wallet,1.10E-15,
0x514f9afe831f02ec3a110dc08c1c8af81cec7fa1,Wallet,4.57E-16,
0x5168e920cfb9674201d88da9fbf10c7a4770b10e,Wallet,1.47E-15,
0x517e82b88dd4e3e4ff2441d6c3ad93c701175842,Wallet,5.23E-16,
0x5197ce2b2a4c96b18cbe14f3f99a3d612c054736,Wallet,5.72E-16,
0x51f78f0a9a1ac2a94ce4e679d0848db383774b9a,Wallet,1.44E-15,
0x5234e3a15a9b0f86c6e77c400dc4706a3dfc0a04,Wallet,4.44E-16,
0x5286001e61f2de84190b061621273021d9c67e98,Wallet,1.92E-15,
0x5295b474f3a0bb39418456c96d6fcf13901a4aa1,Wallet,1.52E-15,
0x52981e081ea651a41e08a44f90c7895a70c3e198,Wallet,1.17E-15,
0x52c28dcbac565d47773406314cb5a002a42389c2,Wallet,1.30E-15,
0x53411aaa44d60c5d9e066b713cf9cbee19078472,Wallet,1.17E-15,
0x5347c74e3d3c3fd73570585a000c43d7dd745313,Wallet,2.84E-16,
0x53489d5a214e9be12772643c7124997c3d0c4050,Wallet,9.30E-16,
0x53fecf0779872fd5648f87898da170f14b51c966,Wallet,1.85E-15,
0x5402d6445c4c016627ffc58c4723da3f60dff1a3,Wallet,1.20E-15,
0x5438f01ebba17c7ee279af990d0a8a02267833e4,Wallet,1.09E-15,
0x5441bf751c9bb3834f603ee84165be17fee91fbb,Wallet,1.32E-15,
0x546500a097d95f14c02fe4a58b62c717812e05e9,Wallet,6.48E-16,
0x549898b40b3a9894613bdaf253cfc32afac8543e,Wallet,6.69E-16,
0x549efe37d5460450a989babc748b6a0b26b64f40,Wallet,1.74E-15,
0x54c6ac745d042bcba90674e0a378f266ae12e8f1,Wallet,1.05E-15,
0x54d5fd78e380cb93ddd498e2533988755951160a,Wallet,1.47E-15,
0x550725968acd08c653e4eaea7e56d56c0bb1074b,Wallet,1.29E-15,
0x554ee647d41fc226ba337ca4fb4b71f7e712099b,Wallet,9.22E-16,
0x55d2ba484c94516a9688d07017ed4a4232d9b308,Wallet,6.72E-16,
0x55f035bc4824999f6dc0722413b22c00dd42238f,Wallet,2.17E-16,
0x5620afa09991ef3a87d29c5ff3c550e5c898f5c7,Wallet,1.54E-15,
0x563a2b808897e9777a55f6c7e2a1f68638c00738,Wallet,1.74E-15,
0x567ef6cc2fcf52f1b6fc97fff8c41b0dd86d5531,Wallet,4.52E-16,
0x568f968d8c197b6d47dfe0bbcffe7acf7f9983b0,Wallet,1.63E-15,
0x56b6ae8609ef719478e84c7605ae9604816d699e,Wallet,2.56E-16,
0x56d15975e58d84c1232738fedac22e640c2a8673,Wallet,7.91E-16,
0x56db61e267c8a033071135aed1acf47c4a0ef09c,Wallet,1.42E-15,
0x56f62c66e9d331f7f00d291812c2797da674f06b,Wallet,1.82E-15,
0x56f64784214ffabaa9915ac7c16aa763e627ae42,Wallet,1.82E-15,
0x572d4e86a01bf5c31249a1b617398c8576b3e4d8,Wallet,1.01E-15,
0x5743c8aa25794a7afe9ad987df8488120d15524e,Wallet,1.00E-18,
0x57543aee09dcf41dec48451a837ed5333b031bd7,Wallet,1.52E-15,
0x57893e666bd15e886d74751b0879361a3383b57a,Wallet,3.68E-16,
0x57d2e6b4bb8a53f1851ce328b3ee95c9c4aebca3,Wallet,1.37E-15,
0x58473e9ac681c4424ca74619281ff71801d002d6,Wallet,1.14E-15,
0x58515e06324bdbbecfa563d32f0f35bbdafbf48c,Wallet,1.65E-15,
0x58a35cf59d5c630c057af008a78bc67cdc2ec094,Wallet,1.45E-15,
0x58b3eb75b8390badc945312ab1d594aa947577ad,Wallet,1.95E-15,
0x596e7fe8a3fd3ab4dedc227c848569a0265828ff,Wallet,7.69E-16,
0x599ec7e5449e41a0204a0ed17daa1059ee2c5f28,Wallet,2.82E-16,
0x59e048187695c5faad1830a49e696eb6e0551a9c,Wallet,6.88E-16,
0x59e9e6b2fc7e24479ef864b0a9ffa2551e959593,Wallet,1.81E-16,
0x5a0f0e5be9cd6b8f6642dfb05e7db35003dad5d2,Wallet,4.62E-16,
0x5a45b331b3789e6bb771ec1de22dd2fc8d61449f,Wallet,9.40E-17,
0x5a4de28b93deeb48f682336f5a91cc43b71964b2,Wallet,1.81E-15,
0x5a654583d41b84c30b569a9b8029d54fffd76769,Wallet,2.12E-16,
0x5a9127b2833784c23a2670ec6c64f4f14bcb37c7,Wallet,3.65E-16,
0x5ae7d1c67bb65751379c895e74ae9a8bdd71d8d2,Wallet,1.44E-15,
0x5af62696b691b06d45acfed3271e7c06f3ab6048,Wallet,1.12E-15,
0x5b04bca1e4e005c8b1f3cc9aa24bd35fc5d12ea4,Wallet,3.86E-16,
0x5b4dccce9e8793dec3ee05705e26a3bda0626d66,Wallet,9.20E-16,
0x5b5c3bb3e89899ad54cb04840ae63efe3494b3b3,Wallet,1.62E-15,
0x5b838fb9d2dfe6d0cdb1a6cd51a0987c0be21ae4,Wallet,8.02E-16,
0x5b93ff82faaf241c15997ea3975419dddd8362c5,Wallet,1.95E-15,
0x5b952e34c04e44faf89ca38bca83d5a92d85a7e7,Wallet,1.02E-15,
0x5bbfd8dcc1a40a56dac8eb4fd607fe778ea21ff5,Wallet,1.12E-15,
0x5bc80040ac6ab2c108d10a0aa0b995cee7bda110,Wallet,1.94E-15,
0x5bdb04e9c760123f40512ee46b672577c0bd4905,Wallet,1.56E-15,
0x5bf16843a568ed31146048c4420f9c5667d4559a,Wallet,6.70E-17,
0x5c1f9c91b0b7b624917b332e14122199b64dd931,Wallet,1.91E-15,
0x5cade6efa9a8423bac55d7d357987ba5ee2372b1,Wallet,1.98E-15,
0x5cba9840101dc771799b8d0439f18200e69246b2,Wallet,1.85E-15,
0x5ccd8ac57fa61cf9af094667625a7c4fbebde75f,Wallet,1.52E-15,
0x5cdbe780936eb580c20c541f36f6685a3d38abff,Wallet,3.59E-16,
0x5d0a6fea600d27161649445e5941ea75feb6d466,Wallet,5.19E-16,
0x5d2675cb3556c18e525482fa66b32b33570e3b05,Wallet,1.77E-15,
0x5d539ed2f5577892c8420d71ec665bde903b7968,Wallet,7.60E-16,
0x5d713a8313cf8c5d0010eadac16adeb1eb65b7dc,Wallet,1.22E-15,
0x5daf99f273a42ac70e8d61f076c56a30c69938b2,Wallet,1.97E-15,
0x5e6d4e4c124f6a1f88711a1dd51afcf7fb83958f,Wallet,9.57E-16,
0x5e736f1f25992b2cad20ded179a52823d3d24b26,Wallet,2.03E-16,
0x5eb8b6724936097ca84e2523131fb709f3ced139,Wallet,5.55E-16,
0x5ef9c1722e43e8e7364416884a5673c61b0ed0c0,Wallet,7.30E-17,
0x5f663a56bece3cd1c1e3a83e1d077559bc3cd622,Wallet,7.10E-16,
0x5f82c97e9b1755237692a946ae814998bc0e2124,Wallet,1.90E-15,
0x6095db32f427a00d1baa0ab328c94ea38f52d572,Wallet,1.36E-15,
0x60c31519b80c75bdae48e2512cb90b74f3c8f029,Wallet,2.28E-16,
0x60d02a613da7181278e9f48241fdcc0b6ec28b7f,Wallet,7.79E-16,
0x611c3c0b24133efbd3c2a7075b2bc1a8b4036c98,Wallet,5.96E-16,
0x61c808d82a3ac53231750dadc13c777b59310bd9,Wallet,1.98E-15,"Mining, F2Pool_1, F2Pool 1, F2Pool"
0x6235e89b466faf71e1ee23a32ff1ebf34f222902,Wallet,1.45E-15,
0x6238c8de980de0dba685ebf0e1a3b6475df2c3b7,Wallet,5.34E-16,
0x625e7ecea0bf6955ba15a8c1a7731cb44488ace0,Wallet,1.38E-15,
0x6261789bb933264261e9fd6001833c69fc4f1079,Wallet,1.80E-16,
0x62756bedc2c98f80ce83e45bc9f8062345b65d8e,Wallet,9.12E-16,
0x62c5ee7bcc0e336bc58fc2946bb9671ab2878f7c,Wallet,3.67E-16,
0x62d63da7394fe29c039e1497f7bc7ca69b9b70cb,Wallet,1.01E-15,
0x62f5048e943ba5c2f51d5d4480f03de876347b35,Wallet,1.36E-15,
0x631046bc261e0b2e3db480b87d2b7033d9720c90,Wallet,1.26E-15,
0x63225d075ad63e3417fe7ff6a2a65cf21806f24a,Wallet,1.45E-15,
0x633c7f76a13de224194531da911ea5a9fec07faf,Wallet,1.43E-15,
0x63f0a3660170a5c9cd4ca7b28b82f0011ffb37c4,Wallet,9.31E-16,
0x63fa7a8f90d79d82413026e85ba03fb3370004d4,Wallet,1.24E-16,
0x64066b102c6f7db7befc129b671010938b856d60,Wallet,1.10E-15,
0x646ab5b0396fadd8bb80c79ec3396ed3ac3ec274,Wallet,1.84E-15,
0x647eb74a5135a0f24beee3c2d8432adcbb32c2a8,Wallet,1.01E-15,
0x648ad5497f7a2e41bb543fbe11a5a6d88dc48940,Wallet,1.62E-15,
0x64abc5b10c77d93be5038e7b4965d2f0d8279127,Wallet,7.14E-16,
0x64d2ae6c29e58f4d6f4ac9f8b3f049d18bd9cc29,Wallet,1.60E-15,
0x656432938b22656f717d4e479713527bf6b7f00d,Wallet,1.18E-15,
0x657a38e6994cb578351376dcdb077330d00665d6,Wallet,1.88E-15,
0x65ad94bb30fb9949f20a02f641d118d20866b706,Wallet,1.12E-15,
0x65de6475258e3736e5c7d502d2c0a45710c9ec37,Wallet,3.35E-16,
0x660f95e3d6fc0a67cd6226a76bf7cf31a1c2a6ce,Wallet,9.05E-16,
0x66910ed0afcb46383168326d08d8c3969effdc9c,Wallet,1.34E-15,
0x6699e33dd71ac97649c1b41fb9e0a2c7ff773200,Wallet,6.67E-16,
0x671306a9f89353b2e96f1c0b8878a772dabb7e44,Wallet,3.16E-16,
0x6738ea2d1f92a3552e36b106ae3455363c7e045d,Wallet,4.41E-16,
0x679b4172e1698579d562d1d8b4774968305b80b2,Wallet,1.57E-15,
0x67f7e5457553d1707814499f57bdfc0eaa0c82b1,Wallet,5.27E-16,
0x68321c407aa92cf001c2e766cfba4259e9d9a1ad,Wallet,1.81E-15,
0x6852db7592d095e0fc8ff868d2e0c502ccc36d83,Wallet,1.90E-15,
0x68615cc65127ab1bbe46f2a90428d0957c24a91b,Wallet,8.96E-16,
0x68735904fd4bd90535f9786f836fffba49e2e2b4,Wallet,1.28E-15,
0x688062b9c4fcf4c3fd1f1730473d7b39804cce96,Wallet,1.30E-15,
0x68a7ac13477aad590982293feeeb786a00276cf2,Wallet,1.52E-15,
0x68b61356f075336024a9451270a8c81eaaa94b19,Wallet,1.92E-15,
0x68e19ada86678133fefdc54a98558746bd56b067,Wallet,8.38E-16,
0x694367ea528240fec8172581282ff171a6ec39aa,Wallet,1.10E-15,
0x69a4e5e84cb9ee053900a678bd845f644f5d2100,Wallet,1.53E-15,
0x69a572d06ca8b5527f0b6920c7c84b829ff70826,Wallet,1.51E-15,
0x69e59784e1facaf7026b85b4729f096eba91afbf,Wallet,1.74E-16,
0x69f40478c7d2e53401ccc7f3d691a46b20e20f2c,Wallet,1.38E-15,
0x6a6f20961aaaba280500298c4fd44187c38a9386,Wallet,9.69E-16,
0x6a988eca47d2f1731281044b43fc9064c77dbf8c,Wallet,1.24E-15,
0x6a9da9c45d8758956821559ecb697411abd13eca,Wallet,8.12E-16,
0x6ac63da2e98cf4f9816baa7bc1d4fda954810f8a,Wallet,9.54E-16,
0x6ad244466777fb941917deab621e922b1feadd85,Wallet,1.91E-15,
0x6ad395677b68a7f4fd9f0f180ff0edb1f3fb6d5a,Wallet,6.46E-16,
0x6b79a4d306405751bda30a8d825e6fbd893d0d85,Wallet,4.80E-16,
0x6b862b61a229da394f0706651cfd9503264c6a4a,Wallet,8.71E-16,
0x6c1e581e4ea169c28b9ca03f17f7370e030548ac,Wallet,1.10E-15,
0x6c2a066b6ce2872bd5398347e97223c6f6f84104,Wallet,1.51E-15,
0x6c3b3437e2073811e5ad6d3084730252f1fdacd0,Wallet,1.69E-15,
0x6c6541cc3ec6bfc2d7b0ca48ccb0225cbbea9b59,Wallet,1.01E-15,
0x6c89e3a9df0d4be20ce685281c0096b05617fd8a,Wallet,1.02E-15,
0x6cd503daa348919ada8e1f36853129739ba21ac9,Wallet,7.01E-16,
0x6cf5159b678fed9f8d893116228f0cc501b221cb,Wallet,6.86E-16,
0x6d49f98da63e2533c0aa85e8a6e2bee3bf681979,Wallet,1.54E-15,
0x6d58491c6f68426966dbd6a1682195ac17b95db4,Wallet,4.96E-16,
0x6d61505551b315e70a75fe1f193099b1c935cc13,Wallet,1.52E-15,
0x6d64cb2249f8ed175bacdcb100b003457a1733b0,Wallet,1.28E-15,
0x6dba7f95386e4129f92b59482fa356bc74f29c5b,Wallet,1.14E-15,
0x6dc1edc60ebb7c9f6a8cfd1d6e61368f9addefd4,Wallet,9.63E-16,
0x6deb32a45282873e5b987bc3e55561e015d72c15,Wallet,8.50E-16,
0x6df304782b0866d2538c8fd2e46904a7f2ae321c,Wallet,1.62E-15,
0x6e00dca6f329e5abf757f0d97929b9a4a30cea6e,Wallet,1.05E-15,
0x6e0d9c6dd8a08509bb625caa35dc61a991406f62,Wallet,1.15E-15,
0x6e2b13a6ab40893a17c146948ed3dd50cd3f9370,Wallet,1.73E-15,
0x6e5dac0408d313c3adb78c671741df7a1944f9d5,Wallet,2.40E-16,
0x6e5e911bb7d52c5999be1cf8e1d85a5a27f57d39,Wallet,7.34E-16,
0x6ea6a87feb060f1bb55b3db4becd951cefd0594d,Wallet,2.11E-16,
0x6eabc3c758c41b57071fb930f0f3e5234a46ebe9,Wallet,4.76E-16,
0x6ec1444e35e80d6b6e5b99fe68932c3f4ccf0146,Wallet,1.41E-15,
0x6ed4720a59c0cb47ac7afcd5e3f72b0433ef4da5,Wallet,1.84E-15,
0x6f04064808cc4fe0a57e376976eeefcbcb201ba7,Wallet,4.56E-16,
0x6f661e163dec643f17f847c6db02df530b56b82b,Wallet,1.02E-15,
0x6f69f79cea418024b9e0acfd18bd8de26f9bbe39,Wallet,1.61E-15,
0x6f7d6a28f0d76fb46f7d74608d0aa85abcc22e6e,Wallet,1.10E-16,
0x6f7f034c70c6f155c27d8d6aab58e9005ccac05a,Wallet,4.93E-16,
0x6fa3deeed295a9bfe81b27328e66ea0abe908209,Wallet,1.60E-16,
0x6fb95992d0b384fbd51ca686f11a446048f65bab,Wallet,1.09E-15,
0x702f1e9410f9ee6442ed5dfd8992776579243ec8,Wallet,1.66E-15,
0x704c978d50590b21e4c2f43eb4da24fe61fcd707,Wallet,1.77E-15,
0x70a87aa5bc63d04b476ba56ecdf23f25b47c191b,Wallet,1.29E-15,
0x70b948b1b70290d28971c668b5d58e1e31844ff1,Wallet,1.55E-15,
0x70bd3045414ebcbae77ef84505bc6ea6af48e672,Wallet,1.93E-15,
0x70d04384b5c3a466ec4d8cfb8213efc31c6a9d15,Wallet,5.35E-16,
0x70d0f0e5a79f95c9ca0c2e1188929d85fb914a11,Wallet,1.21E-15,
0x70d3d73eb2de714ec307889f277728ddde1798c0,Wallet,1.94E-15,
0x71993305963dda04b2956d0466717a5124fe7e82,Wallet,7.47E-16,
0x71dd2032c472b56b1a3fc8672cd598acad69ceac,Wallet,1.36E-15,
0x72176c46eab0f2e07b708a1f409f80c386897548,Wallet,1.89E-15,
0x7250982aee4667254a47916dc4523537ee59fe8b,Wallet,6.60E-17,
0x729155a99b7b06782ff06c4dfdd205c174025ad2,Wallet,9.10E-16,
0x733eca8fb32d47a27931726c0a7e966e3edb9c4a,Wallet,6.93E-16,
0x734bb23e9eafe199d808b4d3cc4fadd66799da2d,Wallet,1.69E-15,
0x736efb2b6a7ce9ca8771001ed4d3c092cb74a9ba,Wallet,8.04E-16,
0x738df6bfd711d04416daa15b10e309fdf5dd5945,Wallet,1.95E-15,
0x73e693df2814b92f08b96030525663f3b6f6f2cf,Wallet,1.75E-15,
0x73ed4f9e295002d65df2c809416ec3e67c4a7863,Smart Contract,3.57E-16,
0x744323c3961c22cf4e413fcaafdd2006443c3536,Wallet,1.26E-15,
0x744b4c2bf6609ab98f8619e3de2a4922a3db9282,Wallet,2.59E-16,
0x747936025e93bb40441f227482d68fb7e4966835,Wallet,9.46E-16,
0x7483291fd77faee587929cc3e052df3123d3b2f2,Wallet,5.76E-16,
0x74b9b586cb87b77106557bd843cc6be52b7bc0e8,Wallet,2.04E-16,
0x74df3f79e48220af12c8da4737be2de223836c99,Wallet,1.57E-15,
0x74e2560995ba0b3e27539cea74d40b784f54689c,Wallet,1.94E-15,
0x751077dfd4942aa28985baa850f4c648d241c863,Wallet,7.00E-18,
0x75215c7e08469594deb11b6f472970519d0950f0,Wallet,1.67E-16,
0x752184a2069c35f03d0216ba806013693740b285,Wallet,1.64E-15,
0x753f8dab2ce1e6ec33e2967bcdd4974f60025319,Wallet,1.70E-15,
0x7558b9a644ccd3c815f7b717213dff0b0a9b0f98,Wallet,9.43E-16,
0x75667bb83190c19de669295b10068144b51a6fa9,Wallet,1.19E-15,
0x75711a81cd276cede3600f6ee8e25b45874a7de6,Wallet,9.16E-16,
0x757dc38359b2af0681187193663b9565cc41e307,Wallet,1.87E-15,
0x7588d9d75bf639c6430ce6f136dc28336f25896e,Wallet,1.21E-15,
0x75a28547ac8eb72c2035aad5e146cb775604a05f,Wallet,1.83E-15,
0x75b464f5b62cd5a4272293531cb5a9e344da61db,Wallet,5.60E-17,
0x75fe9514bb7aa47f075fb2d107f9771785a9b344,Wallet,1.33E-15,
0x760cdeb7653561e8d405df496e7d9151bc68712c,Wallet,1.57E-15,
0x763cd78b12775227d4948b4cb8aed647c9e9b37a,Wallet,1.39E-15,
0x767a60f295aedd958932088f9cd6a4951d8739b6,Wallet,1.35E-15,
0x76d8111481dca6e21130d923c7bb5c347335e2dc,Wallet,7.18E-16,
0x76db02500f7631d57bc2dcdca9d4cf782b99e119,Wallet,1.18E-15,
0x7721f140c2968d5c639a9b40a1e6ca48a9b7c41d,Wallet,3.28E-16,
0x775af9b7c214fe8792ab5f5da61a8708591d517e,Wallet,3.96E-16,
0x7777a3bdcef8dbed68105ec965e9dc56652e74da,Wallet,7.89E-16,
0x7786089b523202b02409a4763ed375e6fffce464,Wallet,2.10E-17,
0x77874414e4fda05dc841956098836b0088813f0e,Wallet,1.27E-15,
0x77a6f6c7c439d594f74c4180eedd5b845209e480,Wallet,2.16E-16,
0x77d90ecf4ada0b1b1163a67f220ecc4e730741ca,Wallet,1.33E-15,
0x77f40bfd546004400284b637c40dfd821e4ce39c,Wallet,3.13E-16,
0x782c93e1c530a283ef738a58b5671a8fc2d8153f,Wallet,7.54E-16,
0x784b9af9e9de81967d0e58acca09f9696f7b5415,Wallet,8.95E-16,
0x787b4b7ffef8eddad54f311039acf4c36fec9593,Wallet,1.59E-15,
0x78d9b891bd14418f007581cfc4da4f460e07415c,Wallet,1.49E-15,
0x790322d8f4725c519d57cf166c5367b146d844fd,Wallet,3.73E-16,
0x7925fd230ef3effc0bcf4c202be44cdf4cb59b98,Wallet,2.19E-16,
0x797a764558d89c19f50fda6d05188629b664e6fd,Wallet,1.13E-15,
0x79852a2b8386587daad501d90674996dd19d88c9,Wallet,1.65E-15,
0x7991c6ca213e4091f5776f5e92d3d20078ef9107,Wallet,1.76E-15,
0x7998bcb66e51a49be8e31a31b957bcd02c8ded6e,Wallet,1.98E-15,
0x79a90467b941e21166229ab7237c8432d11732da,Wallet,1.01E-16,
0x7a1bcb582fbdfb6fae842905eabaed6c1992b349,Wallet,1.55E-15,
0x7a3d05c70581bd345fe117c06e45f9669205384f,Wallet,3.80E-17,
0x7a70536c4d695b1ec9df972e91461e834bfb00e8,Wallet,1.56E-15,
0x7a766a1f0760dc83e3bd9a524114163c9e0a06c4,Wallet,1.44E-15,
0x7a7a75ae8de580f3af8ca70c48569ab4670127b0,Wallet,1.21E-15,
0x7a7addfba77f1c41eb89bb4aaab4882b3fa93f58,Wallet,1.47E-15,
0x7a7d6d595172eafd3efa4e29e9a5b6f9067abf5c,Wallet,1.97E-16,
0x7a89eec3d7473699794e2a2ac536147b2b0b9c71,Wallet,1.54E-15,
0x7af6ecd8c7bfe0039acaddd76cbb99b11afe426b,Wallet,1.20E-15,
0x7b533aaeee588f839e3b63d8ad8be467e872eddb,Wallet,1.17E-15,
0x7ba6527419152e17d78daccbb89a51ab71c8d200,Wallet,1.95E-15,
0x7bd3429450f4d887bd268c757c26ec90dd3ca9e5,Wallet,1.82E-15,
0x7bd6ec0f4953251fa883105f9033b34be50ad043,Wallet,9.61E-16,
0x7bda037dfdf9cd9ad261d27f489924aebbce71ac,Wallet,1.61E-16,
0x7bfee91193d9df2ac0bfe90191d40f23c773c060,Wallet,8.56E-16,
0x7c846e2487a8b6ab7a4ceec6a2073c5ce388e2ff,Wallet,1.90E-15,
0x7c9932eed5aa0604ff417b2372b0aa76c5971bd3,Wallet,3.56E-16,
0x7caf046305781ade73443cd93473ffcd18f22aec,Wallet,1.75E-15,
0x7cd0ae2eba68ba9d57b518e064af28730f156c9e,Wallet,1.76E-15,
0x7cdc63d2179bfe3b9f2eac390562a5a6ea17074f,Wallet,1.40E-15,
0x7ce8cd580cfae9f162bcbbfa80dcf3765f99ca7f,Wallet,1.80E-15,
0x7d34af33135b420ad3685914969feaff299e4f3b,Wallet,1.52E-15,
0x7d4c4d5380ca2f9c7a091bb622b80613da7eae8c,Wallet,9.14E-16,
0x7d5a90dc04f1b7525cc5145c7b8bc8d918f3433c,Wallet,1.88E-15,
0x7d8d2c8ea18f9a3da11066f02057dad708f97e8f,Wallet,7.70E-16,
0x7de19ff74dbb2f208fb3d8a19ebe7995cef8345c,Wallet,4.17E-16,
0x7e190da56ae267db583da51c2453e06861b3f1e6,Wallet,3.43E-16,
0x7e2100423e1b042b3725d39ec9c8dc8b817e03f3,Wallet,1.75E-15,
0x7e3e126ee75b008518794fcf312cafd54248c4f1,Wallet,2.24E-16,
0x7e45cf09a70b7c0caa02ec8cd5e8d90b508c4f1c,Wallet,2.54E-16,
0x7e5507281f62c0f8d666beaea212751cd88994b8,Wallet,2.89E-16,
0x7eac94ecd60738ebce2baa48004e31e69481a837,Wallet,7.56E-16,
0x7eb8a2ce3e3b5b1ce3d586204ff7a4b1cf43d22c,Wallet,1.31E-15,
0x7ebc6119a90809d81a2581bc1ffffdee75e8ea31,Wallet,1.47E-15,
0x7ec7b375834ef33a1a677503d5065651ee530975,Wallet,1.28E-15,
0x7f09599e499396684cb1a833fb7e0481d9b6fe1b,Wallet,1.18E-15,
0x7f2b5394838f98114b02d3c0ddd1e93a064e4d4d,Wallet,5.03E-16,
0x7fd29e547dc2d2ec3773457295a98893a0db2e05,Wallet,1.61E-15,
0x7fee455c5ba0b1e48298b92383e24da86f6e0ed4,Wallet,1.69E-15,
0x8007cb5d18b89fce5d3d2285600a74deceeda9c4,Wallet,7.77E-16,
0x802453ea8604a22492fbf989718d9f244bc6fe1b,Wallet,1.29E-15,
0x81190abe9ac22e99f1a4db9aaf69b87f7405547f,Wallet,1.27E-15,
0x814535fc9c4a009d78049e45cca51a76db50bd48,Wallet,1.51E-15,
0x8149dc18d39fdba137e43c871e7801e7cf566d41,Wallet,1.06E-15,
0x81bac5ce912dc2285ec00f4eda1dc16268ffc961,Wallet,1.60E-15,
0x825728f78912b98adfb06380f1fcdcda76fd0f87,Wallet,1.76E-15,
0x82b1f29c5608238df2618f996827933c0d844079,Wallet,4.40E-16,
0x82f402847051bddaab0f5d4b481417281837c424,Wallet,8.62E-16,
0x830a706f2fa095bdc2d6a4881daa23fb8a5fa709,Wallet,8.32E-16,
0x830cbe050ad3de8722e32040c4664ea40179712c,Wallet,1.35E-15,
0x834bd42d09717b4840c904ed712a7d57c100f5bb,Wallet,7.33E-16,
0x835029ae106bfa75cb225fcea49cfb81f45873d1,Wallet,1.59E-15,
0x835306d6399b03e914ac6528435f2bac4367a697,Wallet,5.25E-16,
0x836ef81a58e5565b8d1d555ec8e9a5c2792511c6,Wallet,1.04E-15,
0x83afdd540e5a46945b6336c182c923684ab67cf5,Wallet,1.12E-15,
0x84385b9db5257a8d05e29a62e8f348489c7e8dee,Wallet,9.00E-16,
0x84480fcaaeea2d4aefee75be9399456c6966fb66,Wallet,5.75E-16,
0x849a28b936edae186997085e9f95c312aff80a9a,Wallet,1.49E-15,
0x851497cf9b1362858c095cdd577b506d24f57336,Wallet,1.09E-16,
0x85c6d6ac8b31e098b9b083f7882066e8c71a1410,Wallet,1.24E-15,
0x85f545ceeb98c8fb47c9d4411450d018cf1e3064,Wallet,2.65E-16,
0x8656d34f917a0b75777d7575f1e4667aaee8be25,Wallet,1.14E-15,
0x865c529f7053adc50ac9d3efc54d71db7b28907c,Wallet,8.20E-17,
0x86c28db1118c55ba85c562d5b0875f94d78b0c03,Wallet,1.97E-15,
0x86f488d23ebc75ac5aec91666187bbe1079bc214,Wallet,1.34E-15,
0x872e01e06e754c54f328d49c011c12ac0f28f360,Wallet,1.54E-15,
0x874fc12eb80efee30efad4886671044db6259fca,Wallet,3.97E-16,
0x8751b95f22cb109bbded3c6434fae698843d4d0e,Wallet,1.58E-15,
0x8759e25f0d56730ef12492e6aa22ed773cffe610,Wallet,1.13E-15,
0x8760b9ed2fff2b31f347e4a04c7cf7230ffe9b3b,Wallet,7.97E-16,
0x87664e9a1965ef972786485924441b44363b9a90,Wallet,5.02E-16,
0x877167231d569c9fcf5e7a5e2b073c7cd41f2cff,Wallet,9.50E-17,
0x879765ffd7f2fe105ed3aa42b15b5f5ad241f0bd,Wallet,1.68E-15,
0x87afde03b191b6477a40c9a88f4ccd4ceeb19c38,Wallet,8.58E-16,
0x87bbe1006ca1be2e857b33eb83c3ce0210fb6e2c,Wallet,1.44E-16,
0x87da18cfca58b7b56c2dcd2621e5457d2c87ad73,Wallet,1.28E-15,
0x87e32d4631d728d6ad7ebcd133b11febc9da9b93,Wallet,6.36E-16,
0x881a960440153cff2e60afeddfa05296239240a3,Wallet,1.39E-15,
0x8830c61f426c14827889f1f2442d5c96e5c34354,Wallet,1.42E-15,
0x888c1b86000bbbdb2223a0b89e3c82aec9d94297,Wallet,3.42E-16,
0x88a7352248cd2cf3920c79b2197e217e488d4545,Wallet,1.63E-15,
0x88d01d4354da0d65c38b0196c4400525a5eebe17,Wallet,1.03E-15,
0x88dbaf595af3efcf3f8ecdab834b9299afc67d42,Wallet,7.63E-16,
0x88f09bdc8e99272588242a808052eb32702f88d0,Wallet,1.24E-15,
0x88f689ffeaeeeafe7704461826ead77b70bacee5,Wallet,6.98E-16,
0x89097a0a657e42627e05f33df494de7f10123651,Wallet,1.27E-15,
0x892857d3a0e6ca504da54470a0d71593525ebc22,Wallet,8.20E-16,
0x8993a06149003550bf910c99241b99a356cf04ae,Wallet,2.33E-16,
0x89b6779936aec4298d758d0a51e8cfd3131aec65,Wallet,7.13E-16,
0x89e749662bb6ee7cc0a9dfdec95119401d7264bb,Wallet,1.40E-15,
0x8a0b00f402e38f9bdf3e4226fad9f4ede0dd3cb4,Wallet,8.91E-16,
0x8a333a18b924554d6e83ef9e9944de6260f61d3b,Wallet,1.05E-15,
0x8a6652f330b79c3a31621114486e57ab3f41b410,Wallet,9.64E-16,
0x8a7ae1912ee943db8f85fe2fcd0b8f3ec68ab6b9,Wallet,9.58E-16,
0x8a9b13476af8d13e2691dfb01d26864dba1f3c85,Wallet,5.97E-16,
0x8aa13691deb9d4c77abe6dc71d14bbda966561b1,Wallet,1.66E-15,
0x8ac5c1cbafc564fbd01ee4b116dea85e6a593ab4,Wallet,1.94E-15,
0x8b1cb6be9f35d6652cba5b8565f964833694fa4b,Wallet,9.25E-16,
0x8b3acf515b667591ed307a88c790d1eec3d17987,Wallet,1.25E-15,
0x8b3cfb1b901e3132dcba589b36e04a8dd1c98ae3,Wallet,1.61E-15,
0x8b3f4eb783270aefaac9238ac1d165a433c8fbf3,Wallet,1.80E-15,
0x8b570fe897d7a3474e94d92df40f365471d5a7f3,Wallet,1.02E-15,
0x8b7a5b22175614ee194e9e02e9fe0a1b5414c75e,Wallet,1.00E-15,
0x8bcb85a55c8e483f8e7164aa06f950f6924a5e60,Wallet,7.00E-16,
0x8c0ce637b6fd6a0d52c88e554ede353e52581198,Wallet,1.31E-15,
0x8c2b368abcf6fffa703266d1aa7486267cf25ad1,Wallet,4.15E-16,
0x8c35933c469406c8899882f5c2119649cd5b617f,Wallet,7.40E-17,
0x8cbd16b5ab0b811d4cd19b84b1236c4345a07a9d,Wallet,7.62E-16,
0x8cfb8a4b005f075169f38bed45148b073b6989a6,Wallet,1.50E-15,
0x8d138c01765483cb79d787ce5933f609cbfdabcf,Wallet,1.56E-15,
0x8d2f3a76a76f055d62a931678ab16b042e7badeb,Wallet,3.15E-16,
0x8d372c7afb8ccc43c2eb77f3a14c89e49ff4a9f7,Wallet,1.31E-15,
0x8d3edf0b0abdacb72525c8ec4c7ad607ce5f6949,Wallet,1.85E-15,
0x8d4f54913ba39263395b0067f953355813223699,Wallet,9.91E-16,
0x8d5db022d231a7f1f73f2a2493f2188c183eceb2,Wallet,1.42E-15,
0x8d7c9ae01050a31972adaafae1a4d682f0f5a5ca,Wallet,1.32E-15,
0x8dde0b1d21669c5eaac2088a04452fe307bae051,Wallet,9.62E-16,
0x8df46d8bb10d79f89e00e0a6859327f7189c45de,Wallet,1.47E-16,
0x8e052f66a7354797647532d87ffedb38467fc354,Wallet,1.37E-15,
0x8e21459e973012d923ccc2572fad1da5725ad3a8,Wallet,9.64E-16,
0x8e29b3f71a8c7276d122c88d9bf317e857abb376,Wallet,1.16E-15,
0x8e2d8f6ce901d9c558f30690fb52ea864a49bb75,Wallet,1.79E-15,
0x8e5ccadef13ff5c17bfe9d93e9c4f16ee46fe86e,Wallet,8.40E-17,
0x8e8068879a3ac92c586e0732a4c21fedd2483553,Wallet,9.17E-16,
0x8e91b6aed2eb316ee54e6646e027229a328c0ac2,Wallet,1.77E-15,
0x8ec0c87ec6837e3570c1637d574e78ca1b42c0d2,Wallet,1.12E-15,
0x8ed876fded3699c590be3e12cef56e23376eff3b,Wallet,1.92E-15,
0x8ed96e05bcfe3fad1a3b9686930f2970a379809d,Wallet,1.03E-15,
0x8f1083db77b5f556e46ac46a29de86e01031bb75,Wallet,4.84E-16,
0x8f444f7c156fcc5ad492a841d221ca0932d2af9c,Wallet,3.84E-16,
0x8fa556bda03a0f534fc9463d77cd2a9b32ac06ba,Wallet,1.96E-16,
0x8fa68df5666e8c2390bf7feb453c00c60216b07a,Wallet,1.81E-15,
0x8fa889f40e13516cb94f2449073b89203f44bb1f,Wallet,1.51E-15,
0x8fa97efce5a355ddb46f3097be76d427b4d5d1ab,Wallet,1.03E-15,
0x8ff18637797e6f94f395d73f76ecab29fdd40e22,Wallet,7.27E-16,
0x901a07f3578d94564139408703585789a1bdf8c4,Wallet,1.31E-15,
0x904b01d2c1eacaff8e6ef24d4c71616590c0c5d4,Wallet,8.63E-16,
0x9074161e6906f9de8716e7541ea3cf050ab1b293,Wallet,4.69E-16,
0x9087b3c15c0f47bfdbf13455818d101af78fc56d,Wallet,1.43E-15,
0x90add73c77d303f7a3fd6efef6387dace32790fc,Wallet,2.92E-16,
0x90dafa324d331801c3de6307e3033c5bb6bae3ae,Wallet,2.05E-16,
0x90dc1cd8da9858a8bee4436cc9761c3c24ae77df,Wallet,4.45E-16,
0x91043a128c7dac3c0e6a52139b49d1f74c9f8d56,Wallet,5.84E-16,
0x910ad8fdfc545a9432bd7084cd258c61bbc6dc50,Wallet,1.73E-16,
0x911765e6cbf6f1dfc7c1bacc01be7e32612aa541,Wallet,1.38E-16,
0x911c6084c9193f39729e8bad9eabf7963abfee81,Wallet,1.77E-15,
0x9123479756d5f4a57dce96f95f9fc7432176e887,Wallet,1.07E-15,
0x91319b3139e47f02d93766049b4a1a74cd854bdf,Wallet,1.70E-17,
0x91364516d3cad16e1666261dbdbb39c881dbe9ee,Wallet,1.12E-15,
0x91c897f9aec617a481b024d1de28988e7b52396a,Wallet,1.23E-15,
0x91dc9cbe4be1db98ce09634b16987857d138c109,Wallet,1.22E-15,
0x91f6c4d8d5438bc0b76e6b8afa9a75ba64559483,Wallet,1.36E-15,
0x91fe962591272a1a4815998e3f649ae6980aec5c,Wallet,1.86E-15,
0x920e1df91fb83c3a6591a81d0a34d26eac5a999a,Wallet,7.12E-16,
0x924d0812ccfa3811ec185f54803cc2a87e59608d,Wallet,7.48E-16,
0x9256812d06f6f1d0acc6a676131965aad11f8727,Wallet,1.69E-15,
0x927c1093f0881cf6229737704835c7d457d0b00f,Wallet,6.94E-16,
0x928abd9b936dc058c6ae54f3883b75670372c700,Wallet,1.81E-15,
0x9297a132af2a1481441ab8dc1ce6e243d879eafd,Wallet,7.83E-16,
0x92b31319eb93362077d2f9032b2d11f73d08d8c3,Wallet,1.46E-15,
0x92c4317830af63462064b9b120f9c094ba428890,Wallet,6.78E-16,
0x92fdb551978471c515a6c7a8c327f88b708ab0b5,Wallet,1.13E-15,
0x930835286f088798cf769ded8329f3347743bbca,Wallet,1.55E-15,
0x931f21e02a3697c53ffea350f0ec3c652040705e,Wallet,1.39E-16,
0x9339acfa818da6a0b2a196ef31d67acde156acb0,Wallet,9.60E-16,
0x93496cc61a6f880b5b18fe1fbbb5f559f502e657,Wallet,1.96E-15,
0x935a016935c8085760246d4c1be6451e1fec8ebf,Wallet,1.69E-15,
0x937e754aa8529e5e556a7769c2b4293b3cd4f74b,Wallet,3.87E-16,
0x93940bc10b01f014501f947903480ce3f010b075,Wallet,1.73E-15,
0x93c2fbe1f969fa0112f7f85d2bad9ae3ef71ffef,Wallet,1.29E-15,
0x93ec6b8df79341ec8509027320924021ecd536e3,Wallet,6.03E-16,
0x941beced3e87a15ba22e1a3705b547f50cfd2eb1,Wallet,8.19E-16,
0x94aaf5ceb457057ac4d1588257988d487272984f,Wallet,1.56E-15,
0x94dc920901b6221562ddf07271aadef439a84ead,Wallet,1.40E-15,
0x94e59547b8c68924380c90e729488f3e79ff8d22,Wallet,1.71E-15,
0x94efa2f3fdf770810ffb6a36a586e2272f6304fb,Wallet,1.76E-15,
0x959cc290f172107a9d6286ce6685cd7a29d30c1c,Wallet,2.89E-16,
0x959f7ded64f2d97809190bdf89efe3996e9740aa,Wallet,8.44E-16,
0x95db775fce905ae78ebfda1845470121208cea39,Wallet,7.39E-16,
0x966263cdefa37cd3e1a9d2297a39777df71d84dd,Wallet,6.59E-16,
0x969000b7c42f7fa454ba9304189139c02cf63fb6,Wallet,1.91E-15,
0x96a77560146501eaeb5e6d5b7d8dd1ed23defa23,Wallet,1.60E-15,
0x96b3a075a0a926361d79b7d334d64c236e2f113f,Wallet,1.08E-15,
0x96b8032fecf3825bd2d02644875ae48201473826,Wallet,3.65E-16,
0x96ef1b94eae67a0032dd46b54fa9ca167ebd1176,Wallet,1.53E-16,
0x97046649f299f47bf1577d04fe0ee3116eb2ba94,Wallet,1.14E-15,
0x9729124cd17100f87dc9a26d3dc2468b122b4d45,Wallet,3.62E-16,
0x978f664433abf02b7460f5ed138f8eb46dac2547,Wallet,7.19E-16,
0x979c9e5337fe026aa67ef7b78c72757b70df50b8,Wallet,1.08E-15,
0x97e23aaf80eac0b8075fc4ee66a75854b937fd32,Wallet,1.16E-15,
0x97e98bc8faa00f58a33e04f33fecfc043945f809,Wallet,1.17E-15,
0x97ec82dec29b5ff5586d0549b72bf63123b3a1c2,Wallet,1.29E-15,
0x983adf3c735d459592645919ca6fa6d0f3777d1f,Wallet,1.74E-15,
0x9850bb06c783cc4e7d14a229a0d156b79a066689,Wallet,1.05E-15,
0x987dad22e28fce25574d0b728b376c6ec20cd7f5,Wallet,6.71E-16,
0x98810da6de33c6392cdd4a6f0c82ad819b97944a,Wallet,1.16E-15,
0x98ccf605c43a0bf9d6795c3cf3b5fed836330511,Wallet,1.41E-15,
0x98cf4004eab31a4d8fd99829fda0c3a09693ce4d,Wallet,4.18E-16,
0x98f1759561504a0cafbdc2028e677896c9ace222,Wallet,6.90E-17,
0x997d1471c91fb0ba16562d2f10b9b6fc9b154e5c,Wallet,3.94E-16,
0x999595d2baa7cff5676445bfb82f7c8bec52fa2a,Wallet,1.53E-15,
0x99ba175dd3186dc77c9da0a65fd34656b19c1ff6,Wallet,1.84E-15,
0x99c8d748d04cb9f1d744fd0c85f9c31e4aec6cc5,Wallet,1.50E-15,
0x99cc1c81813670bd54a2fc98b1a954ae9d8a6380,Wallet,1.35E-15,
0x99edbe16dcbba03ffcc57a705f48d4c89cd6567b,Wallet,1.65E-15,
0x99f67cb6a9586d29b60eed96ae8549674fa4ef32,Wallet,1.41E-15,
0x9a55ccf605ff9d08c255d766b2dfbead74840053,Wallet,1.93E-15,
0x9a568bfeb8cb19e4bafcb57ee69498d57d9591ca,Wallet,4.01E-16,
0x9a786c5aef301c52a725d1d363bfc3fa94e080df,Wallet,3.79E-16,
0x9b154bdea6d24f679f46a4f0c16a1b7ba7d3506b,Wallet,1.34E-15,
0x9ba0022ec84e92dceac90d0a22e3a857ba37bfe6,Wallet,1.42E-15,
0x9bbd84d92db21d628bf78e2196677bb9f10366d3,Wallet,1.87E-15,
0x9bc5f0190b7fe0cddae91f069c26a6f7a2970fe8,Wallet,1.46E-15,
0x9bf93fb0c2503c5698fb517942c812fac0f7482f,Wallet,6.27E-16,
0x9c3dcdd0555556d63c93418647e036d21cd7ebdb,Wallet,1.20E-15,
0x9cae231e3040328716cc3b3de3d38d418821c1a1,Wallet,1.11E-15,
0x9d5789bedac19b3b42c0aae5c7888b55faffb2b4,Wallet,1.82E-15,
0x9d77d96d395ad15acea58659f1fd2404a5d063f2,Wallet,1.64E-16,
0x9d890122c6fb64f9a03ece3a1c233d6bca2fae5a,Wallet,2.85E-16,
0x9d9c3513189342c8e24a987fd25df3bda68b2af4,Wallet,1.33E-15,
0x9dd6e75331de4cf6878640ed861d52080c9715f8,Wallet,1.64E-15,
0x9dd7d725982bf9bb1cf1c5ecac3ca68e0bdbd2b9,Wallet,1.04E-15,
0x9de35727329cfb163426c90495014c7911e6c322,Wallet,3.61E-16,
0x9e068e8e28820712bfc810e50d1588cc496ff486,Wallet,2.88E-16,
0x9e24184f3428b6b58eb9cd3344e075ea6cde3747,Wallet,1.24E-15,
0x9e56d6716596eda1af5aa7fc903607b0ca2df834,Wallet,9.89E-16,
0x9e724c94692eea5777cad2e7ebf40c338169b268,Wallet,1.97E-15,
0x9e85b3713d16a1dc6ecd1b171c487884e8cc56f1,Wallet,8.70E-16,
0x9f3dbe6030cdf525c8975bb9e5608cbce6844e7b,Wallet,8.97E-16,
0x9f836913343c0b46771206de4018fcdd0d76a271,Wallet,1.62E-15,
0x9f981770bdf4224984559c275c2439e8b171fde1,Wallet,1.60E-15,
0x9fbb437cb280e31f269993195c85a7f6ce651045,Wallet,1.02E-15,
0x9fbe0f013bc66929f7a2310b8d1d485313c1c38c,Wallet,7.55E-16,
0x9fd04250b1a1e25bfcf47532103c35a15389fc05,Wallet,3.16E-16,
0x9fdf724bcdf9392bd4b99a1c463ec674bc891bb9,Wallet,1.74E-15,
0x9fecf056375a973308bb3d6fb6b1c230cfd21456,Wallet,1.58E-15,
0x9fee29c074f9007104d60f27b2db6548e3d4fa1d,Wallet,3.21E-16,
0xa061b4098949854a271b911951f980fe7e3fcf8f,Wallet,1.19E-16,
0xa06dd7ae30effce6d0aa7fd0fe1a0cd4a1329e4d,Wallet,6.54E-16,
0xa097ef0f02ad73b6425fee3809104b5ac5c452d7,Wallet,9.68E-16,
0xa0cee168760c2fa6c31b9c544e0741efa3246071,Wallet,5.71E-16,
0xa0e68726121928d10205e45e45c1caac19e1340c,Wallet,1.95E-15,
0xa0e8d3bd99f37d13e2ec690b5635cb3f83ebaeee,Wallet,1.03E-15,
0xa1652b44b67cbad20c8badc87fb1074e8c889114,Wallet,8.01E-16,
0xa1830e8d9f019feb448478a171bb37cc6c4c0482,Wallet,1.59E-15,
0xa1994cc4a721f6b09f9512c60e4985a2fc15c809,Wallet,1.92E-15,
0xa1e0ffe5b5b3a553efaf49dfe16fd78ac8cde22a,Wallet,8.59E-16,
0xa20a4b45cd2423b24f08f6d011d84fdef93543ee,Wallet,1.30E-17,
0xa251520154ca342f0b1d702bf5a56f78c982405b,Wallet,1.82E-15,
0xa25c3aac588c85ea3b5b4aa84d7f812f34354f66,Wallet,1.96E-15,
0xa2a13330a450c376f229bc8c96bcc840608761db,Wallet,1.65E-15,
0xa2bbe92f4e320185dd42261897464f60c9a05a35,Wallet,7.49E-16,
0xa2de2d19edb4094c79fb1a285f3c30c77931bf1e,Wallet,1.06E-15,
0xa2e3485bdb0a1f31e2fee3d3cb61d27aed0cb2f8,Wallet,4.24E-16,
0xa30b74621f590f04ced243e45548ed9e70d5b3e5,Wallet,6.13E-16,
0xa36fdc8c19a31e551df822bbee975f720d93d6b8,Wallet,1.96E-15,
0xa3c277b8f35881cbdb017e52bcc376b3ce8f21da,Wallet,2.71E-16,
0xa3e3bc3c1e651c49628096017972956ac57eb961,Wallet,7.96E-16,
0xa424ef79e2300481bf65b3728bfb99b5286bb0cf,Wallet,6.40E-16,
0xa4641b9eeb16b1e2456f0e0b55841bed6b150680,Wallet,4.10E-17,
0xa48ad7feec36b1af5964fe91e51a31fcbfbae6ed,Wallet,7.33E-16,
0xa49958fa14309f3720159c83cd92c5f38b1e3306,Wallet,5.42E-16,
0xa5209141d4352e0be0136ecfe8279b37f2a379bf,Wallet,4.68E-16,
0xa528e84629614f437af8ed78084fe87de990bc4b,Wallet,9.08E-16,
0xa59f5ff4e3ddfc599f5ebedc824ba52143925d1b,Smart Contract,2.83E-16,
0xa59fe57ddcb393dd3dcaa2ba2766e10d4f38e339,Wallet,1.85E-15,
0xa5bab0a2eccbf41b9eeec519943b257a319ddd97,Wallet,9.72E-16,
0xa5c2afefedaa04b9cbb2d946336c84798badf16f,Wallet,1.60E-15,
0xa5d23180ff67cd94621407f7868c1fc31c4afadf,Wallet,3.53E-16,
0xa62ebf86ba0c3b9162115fa89ae14988b673dda6,Wallet,2.55E-16,
0xa6a46eff81f883e4fdb21228c3fa61ef484925ee,Wallet,1.36E-15,
0xa6c5d40c321412d0a16e46a59b23c1dfd9d54ee8,Wallet,1.38E-15,
0xa6d3a33a1c66083859765b9d6e407d095a908193,Wallet,1.30E-15,
0xa70d85afc8334ac667b1a01808dcc90bf6abe1a6,Wallet,1.52E-15,
0xa7112d7170296e964dfc09a39566349e62647d8e,Wallet,5.39E-16,
0xa71a26e1fc729c2ffa30045cc95c955a476b75d0,Wallet,8.49E-16,
0xa7269c74294e399d700a58be9f035b652dd67e48,Wallet,1.37E-15,
0xa73cf65163d3a456ba8d99e24192ca120876394d,Wallet,1.29E-15,
0xa755cab3036a581de466d414630c8039ab8371bb,Wallet,1.10E-15,
0xa79a0fb21a66bb2fef45648536ebff948ccfcf77,Wallet,1.44E-15,
0xa7a2b7ec494eab3830e35cea04a2a59f75c81b84,Wallet,1.48E-15,
0xa7d53695af1fd11e0b75d37695290c102d59d743,Wallet,3.66E-16,
0xa7d68854ad6177dcd2195ffe5530f390bbc08bfa,Wallet,1.25E-15,
0xa7fdf17a7cb225e62d0423c7d0b78400f4d02888,Wallet,1.31E-15,
0xa8273afadc5bed2e9d0456c5b2bbf42872eeee9e,Wallet,9.65E-16,
0xa86aadadd9e8687f6439f64777ac9499bf548c8e,Wallet,1.01E-15,
0xa8bf2d1dd3e185262ef5e4d12f2c8e08c07e45a2,Wallet,4.06E-16,
0xa8c5c857ab42f3981b843b533569bc62017dd413,Wallet,9.09E-16,
0xa967f3f05c88ac83163af4c5ac768a03c21feaec,Wallet,8.87E-16,
0xa9beeccf8838ecfe60e18b9735284da4630fd9de,Wallet,1.96E-15,
0xa9c42832d6d27a4352df5bcbf2aac24cca936a25,Wallet,7.85E-16,
0xa9d83c72f85ae449527ccc523e67bef7ba3ba9b4,Wallet,4.54E-16,
0xa9da2e4b36d75d3aee8630c6acd09fd567091f10,Wallet,6.19E-16,
0xaa1b01270a5bf5b981bf07a28c9def8d39625997,Wallet,9.80E-17,
0xaa26c61bda972a89b98324120db968f444ac3b7d,Wallet,1.59E-15,
0xaa54fa7c21aa518787208923d8d173f2b22658ff,Wallet,1.65E-15,
0xaa739f14699dde0ffa40633c763bc1b313d58dcb,Wallet,9.23E-16,
0xaa9356ce8e6f712531234d6f1d045be2146ab872,Wallet,1.92E-15,
0xaaa8a090e78724c8e3f3de407205fff160017568,Wallet,1.10E-15,
0xaad0113c1582f21c1e7d50416d094bc0c2871b8d,Wallet,7.64E-16,
0xab14023979a34b4abb17abd099a1de1dc452011a,Wallet,1.97E-15,
0xab2056903a7b62bac46f45a3d7a70ac799ca88cb,Wallet,1.74E-16,
0xab39f8c26bd7b65189edb6398dbca6a75e8b3099,Wallet,1.44E-15,
0xab6a4b6720fd6ab349fd394ce5028730877593a9,Wallet,1.30E-15,
0xab8046d6d79569895653086c1f83acfc5a1703fa,Wallet,1.06E-15,
0xab8d6e258a44a04a6196d4f065143130b1219ce6,Wallet,1.20E-15,
0xac0a7656b5d62e7d54b11f8b5294ce0ac1bb7118,Wallet,1.59E-15,
0xac3a004f30f541f6ef7b90117746198848d8c657,Wallet,1.83E-15,
0xac992da07e0227d9e999e8a149945b3361ba8043,Wallet,1.82E-15,
0xad1e365152589d3501340af5c004bfa1ef0d724a,Wallet,1.03E-15,
0xad387592c2de9645c3f42b5732b93833e312bd0c,Wallet,1.08E-15,
0xad4810cf053d329793fc1ad96eced83bfbb435b3,Wallet,1.78E-15,
0xad66810a7358ad499c611d50108d0e0a8733e913,Wallet,6.90E-16,
0xad6d9f282a4db671e7fa88800995fd837858d535,Wallet,1.83E-15,
0xad6ea68674fe768ee09e2aaafa887d0f12576673,Wallet,2.91E-16,
0xad862a68dc7f2c4147332d73fadb85abe112a792,Wallet,1.63E-15,
0xad8717e33c719a9b407ad6b40d0be237845c2fbf,Wallet,2.78E-16,
0xada28865651f45d9e38a9c4b83ac0602503996d3,Wallet,1.42E-15,
0xadbe7d8e48bb5b27bdf1f878cf16d14ad833dfb1,Wallet,1.91E-15,
0xade81aecae5f86cbd0b27499fc812291ff834317,Wallet,1.61E-15,
0xae01675d8785cc723e46751d4c327e666ea63e6a,Wallet,9.53E-16,
0xae416e324029acb10367349234c13edf44b0ddfd,Wallet,9.80E-16,
0xae4c7f2b914b7dfcd5e1d22d30b4325910aa709e,Wallet,1.26E-15,
0xaea96978b204b8580326fc228c613bdf0b70d397,Wallet,1.09E-15,
0xaeaab17d084bedc792a3caee3384f395f618fa7e,Wallet,2.00E-16,
0xaebecafd5eb45cb64a2a97b3f553860937d7ab9c,Wallet,1.81E-15,
0xaedaf7e2a96f7f90ffcf3cb2587c59a506e63a72,Wallet,1.43E-15,
0xaeeda01e5f0669bd66f1ba8dc5e37b3f33c27c7f,Wallet,1.93E-15,
0xaf47e8f04841dcb97f638172c38d3b140b406d09,Wallet,1.75E-15,
0xafada13a37a656e03845820abdfe63c80f695956,Wallet,2.30E-16,
0xafb1026a04a0988f76145776141e67f205adf689,Wallet,5.43E-16,
0xafbc3f98eedb5f9a25a4ab2232d1346612efe77c,Wallet,3.31E-16,
0xafc11b0727c466f2647bc2455c5c01789e90dd50,Wallet,1.04E-15,
0xb00f41cb3fe1fe17c26136b49cc156f75547f552,Wallet,6.51E-16,
0xb04bf3b34faad9b45a53babfa22c1464f6380a02,Wallet,8.61E-16,
0xb0512f8620ff33c16040ed6715643d1ce40d26fe,Wallet,2.00E-18,
0xb058fe9ae1edddff5bc6291c27af278030068aa3,Wallet,1.86E-15,
0xb0659bc97ed61b37d6b140f3e12a41d471781714,Wallet,5.90E-17,
0xb0f22a1666cb15378d3592f3daab7f6a44eff548,Wallet,4.14E-16,
0xb12f03cc317ec93da1119ed15622d8ddc615b625,Wallet,3.65E-16,
0xb15f55b848b56f80a08759c4064cb2e1957be6c0,Wallet,1.81E-15,
0xb1706ce631b54a5225f596af9c36c467e2e6c9d3,Wallet,6.41E-16,
0xb1757c626bece86d40a087535bd6af1b8982e9d7,Wallet,5.89E-16,
0xb18501548eeb4660c2348a75515e2740041999f6,Wallet,8.53E-16,
0xb194da9e903446c161946d40ab9891dab1e4bfce,Wallet,6.77E-16,
0xb1973f61441ffdf3e231088e02f8caac7489fece,Wallet,1.11E-15,
0xb1adc3a1298819c6b1d18c2af1081f04b8d53176,Wallet,9.85E-16,
0xb1d40fc714309452397597084fe51d0b0115c34f,Wallet,5.45E-16,
0xb1df8b37270b434e8931be1df4c546715f26d76e,Wallet,1.95E-15,
0xb20b93921640007f1d752d3f5f44a267ab3f67b2,Wallet,1.10E-15,
0xb2364937b7c7accafd24d8760fa1258a94007349,Wallet,1.16E-15,
0xb23fb4ca613efa44589e2f9da64325039e9957a0,Wallet,1.53E-15,
0xb2515fe85441498eda0a9d8c473bf1d53ca5a549,Wallet,1.60E-17,
0xb25bf3990c5a274a758a2a3a4cc90b3e407eaaf4,Wallet,1.41E-15,
0xb28a3c07072c43e87bcc4dfef4104012864ed1cf,Wallet,1.39E-15,
0xb2ab523af696897e53dc4fac710c89025004434a,Wallet,1.52E-16,
0xb2adccf62e6774674c21e1b3f69c171b9be9adac,Wallet,2.90E-17,
0xb2c654cd9c5fa33e191e8ce89058d7312314ab9f,Wallet,7.67E-16,
0xb2d60143097b4f992bfbe955a22dbb2acd9a8eab,Wallet,1.11E-16,
0xb30a4400e06d47d842df6073598dc6ac066f2d56,Wallet,1.51E-15,
0xb39d743439ddd376261298a695bfda7cf6958f63,Wallet,1.70E-15,
0xb4103329230db58ea6e2480e4022b577833600df,Wallet,7.51E-16,
0xb41a2cd655e85ed77f628ed859d1ae0b279bb132,Wallet,1.02E-15,
0xb46e4d3d01213ca544de4380ad878963bc426247,Wallet,1.92E-16,
0xb477be18cce5128c6161097b20d17b805c9ecd15,Wallet,6.64E-16,
0xb4912e55ccbd1406208467868f2c90b4fa53dac1,Wallet,1.18E-15,
0xb4a2a44a57bc9d1b97b8d4b01ea1d4e584cd4905,Wallet,1.34E-15,
0xb4d2308a09abaacd0669c1b4df397e1f87982536,Wallet,1.08E-15,
0xb4f2da14761db2ffdb46e87aa4d7dfe5f1aeb60d,Wallet,4.94E-16,
0xb539f77571f3da762101d4dcf80565a61be2e434,Wallet,1.83E-15,
0xb55eb9bd32d6ab75d7555192e7a3a7ca0bcd5738,Wallet,1.88E-15,
0xb5687f626215f0c6363f7ffdf9de56a6d1945ffd,Wallet,1.15E-15,
0xb5af04d26770e3ff67fd34adafdb404e8a20db5d,Wallet,1.71E-15,
0xb5b34f40cba8419191766287ed85a141aa5e740b,Wallet,9.07E-16,
0xb5e67c11075525d2554eac2ffa3e1f174e9fcac9,Wallet,1.87E-15,
0xb5f549fd4e2452a8265c79b24226c5b73de1f6c4,Wallet,1.02E-15,
0xb601134093a620f6f67f452d8cd03bb4c6a31e90,Wallet,1.81E-15,
0xb6343d5effe59518acad6290690831fb072a88fd,Wallet,4.50E-16,
0xb669b9e2613d7c3df3f7e05521dc9721a9a92d10,Wallet,1.13E-15,
0xb66fa5bb38fb94e2f2b024c09147c8235670ab96,Wallet,1.26E-15,
0xb69e7f59cb8bb0e1ba5487864a33572acb5467f9,Wallet,3.06E-16,
0xb6de96bd9e9b9540196714650b1ab252734e6bd2,Wallet,3.20E-17,
0xb72d234d7532110b3f4c868503df9d2b19b183a2,Wallet,4.59E-16,
0xb7a31346433430d92846f0181c55fc506b9b22d8,Wallet,4.70E-17,
0xb7c135af34b414ab6e8898ac059729fb1ca154d1,Wallet,8.14E-16,
0xb833b1b0ef7f2b2183076868c18cf9a20661ac7e,Wallet,1.89E-15,
0xb8427dcc33ec47332583879efd85c0de00583120,Wallet,6.04E-16,
0xb846673c0bc1e16cdfcbbea737ee7172ae3f2942,Wallet,7.06E-16,
0xb85f3bb3d0fdd017d82a318d9a47a2841f1f8718,Wallet,6.82E-16,
0xb892c1b117a5ed086f67c2fcd9f2378df204799d,Wallet,3.34E-16,
0xb8b5fc2e3dd23cb1baec0ab810ed0150f20769eb,Wallet,5.05E-16,
0xb8d780c003b6d80f44a70a33f0ddbc050347cd24,Smart Contract,3.90E-16,
0xb8edb17cd08dd854dee002f898b4f7cb3763ce75,Wallet,5.56E-16,
0xb8f5855b2dbbe6c5cd9dea25571f945f14b99bb4,Wallet,1.48E-15,
0xb95906e41297b8866b904e17f57f31196c957dd0,Wallet,1.39E-15,
0xb98d10d9f6d07ba283bfd21b2dfec050f9ae282a,Wallet,1.32E-15,
0xb99426903d812a09b8de7df6708c70f97d3dd0ae,Wallet,3.94E-16,
0xb9c7d4dcc2fbbb608e37bc372389e62a0caa683b,Wallet,1.27E-15,
0xb9d70d6fb25a0cd7e14e2997580e0eed4b09d26b,Wallet,9.88E-16,
0xb9f5039273a63275d2f15e3c970bdbfcf47d0a5f,Wallet,1.61E-15,
0xba17919507ce30a23f572ab3fe7b0349dccc0e6d,Wallet,5.67E-16,
0xba2746e6c1d340d445e78b15f83752e9a99ad7a9,Wallet,1.80E-17,
0xba278fe0284774f3ecd86689020784c28594a03a,Wallet,7.04E-16,
0xba30963f47a2d33476e922faa55bec570c433dd0,Wallet,1.19E-15,
0xba39bf5db0cc53337ffbf4ab2bd2c014f12d0ae2,Wallet,1.58E-15,
0xba740c9035ff3c24a69e0df231149c9cd12bae07,Wallet,1.96E-15,
0xba7bf53363130e2cf6a59889f72309e41ca511ee,Wallet,1.83E-15,
0xba88168abd7e9d53a03be6ec63f6ed30d466c451,Wallet,1.43E-15,
0xba944a0293e614c9437083477eb466ab81fc908b,Wallet,1.89E-16,
0xba9c0ed31218c4c9f943a3ca6ecb077eb853af80,Wallet,5.58E-16,
0xbac1218fbe5b3f2e89932fc110450fcff5743f4b,Wallet,1.24E-15,
0xbb214c93187e55cb74d24da8e44717aed3045cb8,Wallet,1.94E-15,
0xbb3f043290841b97b9c92f6bc001a020d4b33255,Wallet,7.62E-16,
0xbb636c9f92a61b47241ec034924191e9275c4ef1,Wallet,2.09E-16,
0xbbba14a63a97d30d4b1e2fd221ee97bb068fad40,Wallet,1.05E-15,
0xbbe8707dfeba570ed910e0c887514a53554dffc9,Wallet,1.74E-15,
0xbbf3e43681886f30835eb3ce8ec210b8ff16e85d,Wallet,1.32E-15,
0xbc051c9004b9b83429a352c11846df2d8db06e24,Wallet,9.83E-16,
0xbc8e7b1a9bb419a58d68212cff01b4f36ab884be,Wallet,1.96E-15,
0xbcda17b44bd1c7149e7cfa7deeaeab97ff2b4262,Wallet,1.93E-15,
0xbce01f2ef8fd0b2dacc582af6bbce8e0c3e327d1,Wallet,1.91E-15,
0xbcfce76f0c44bcc31696655de5eb2e5179d172bd,Wallet,8.73E-16,
0xbd0e536aafc069a1332a31fb4b8a6a356ed07a71,Wallet,7.31E-16,
0xbd21d51d994feba093828c824f66391b1ae5e634,Wallet,1.75E-15,
0xbd67285ea7e8efa60e0162e7b6ad6bfb57bd6f44,Wallet,1.77E-15,
0xbd6c1f8d5692d49325fdf12daa00dac59224de08,Wallet,6.61E-16,
0xbd874a4e472aec2777a137788a0c7cc1e043e8d7,Wallet,1.59E-15,
0xbda481456bff663073821822222516812e9faed0,Wallet,3.02E-16,
0xbdb235771354bebf853bbbad7ff60092c93f0dd2,Wallet,1.68E-15,
0xbdbfd1dfcd6e596bd29d21e32084976a2164930a,Wallet,1.93E-15,
0xbde2ac603e513898c1d41a1580dc86514cd85a5b,Wallet,1.36E-15,
0xbde9e1954f28cb7ab348de86dad9799a68f259ef,Wallet,8.93E-16,
0xbe5f037e9bdfea1e5c3c815eb4adeb1d9ab0137b,Wallet,1.23E-15,
0xbeb1e34bea5deb776ac1b483eaac7b8472909348,Wallet,3.70E-16,
0xbec26ffa12c90217943d1b2958f60a821ae6e549,Wallet,9.29E-16,
0xbede23422a917934f52a1ea3a94f69d93c41bf3a,Wallet,1.94E-15,
0xbf2037a5e5c6358f5f2d635cc68e0048701e84a4,Wallet,1.64E-15,
0xbf3dbc90f1a522b4111c9e180ffaf77d65407e3e,Wallet,1.94E-16,
0xbf4aaa3b25359e3a2050261270eba09f7a4dca6a,Wallet,7.03E-16,
0xbf95117477d5cef81ec4d569a8169376d2066d13,Wallet,2.73E-16,
0xbfb78a48ae4329e5d40c5a521ffa70e04ba2bb37,Wallet,1.20E-15,
0xbfbe29231556b51d0f6745e70285224bc1cf1f72,Wallet,5.64E-16,
0xbfe23d888eba0079d778399788a32463af398cc1,Wallet,7.07E-16,
0xc00f2da4e9f72c4b13c5e9ad9c9fbdbf43c1e6b8,Wallet,1.68E-15,
0xc025ed275fdcf8ee422272887ae8e245bbf7b680,Wallet,6.10E-16,
0xc036ef44cd147f3658ab8f245ea4f8e56f1189c3,Wallet,1.82E-16,
0xc082bdb52b9f341d8ab5d8ae9da708d13c230cca,Wallet,1.82E-15,
0xc0d3ab6f575d2004d02cfad6f811a11affec33f4,Wallet,9.00E-17,
0xc0eb3a46a7df3fe0e2edacaf42a73dcdbc723f48,Wallet,4.77E-16,
0xc0fd8cfb36239d461ac5ca7b9aed2965aeb61487,Wallet,1.10E-15,
0xc101fd2baa5298e3683a18a30905c6b2e6039a9d,Wallet,3.48E-16,
0xc1113b293703356fac425b47d9f84a60d6e17125,Wallet,1.04E-15,
0xc1777f850f606a5aade7fa86ca75e748031ded76,Wallet,1.52E-15,
0xc1857bdc308b57862121fe8298e3f9e6f3b24a2a,Wallet,1.85E-15,
0xc1894e6a52c4c7ac5b2e0b25583ea48bf45da14a,Wallet,1.40E-15,
0xc1a69f906ce4366c0c77e0219b3132fea0969231,Wallet,6.20E-17,
0xc1bd21ecd832ef3c3b1a393a0d66dd2b92c0a944,Wallet,9.55E-16,
0xc203141489c2f715de99aad3c69c852c71ce46d0,Wallet,1.60E-15,
0xc213e5d1ba49e3069b7ed5ce1f53ed299b966c73,Wallet,2.00E-17,
0xc25d23d642b05b9546d85574b53f8b62b6b11a7b,Wallet,1.89E-15,
0xc2a796d8b32f8dcf56e3d6b0af2528d898e80288,Wallet,1.15E-15,
0xc2b641bb3b0caae2cd078c4a462f185e40169898,Wallet,1.08E-15,
0xc3462cdbafa34e27901885e08931d659e3d3ffcf,Wallet,1.73E-15,
0xc369f3a5da4f37aa02cae17bbea3d6db56e9dc5e,Wallet,1.06E-15,
0xc3746825f13c07dcd7e6fdb9c0c80a9affb18952,Wallet,9.06E-16,
0xc37b1226f1be8cecb02f3ccf8dfb68f5d8374ea1,Wallet,2.21E-16,
0xc3c99c72aeb547b0f9988b14b2e88eefa5a7b16b,Wallet,1.52E-15,
0xc3d1b096dd51b9257daa3841c6beaf3330d4e4b7,Wallet,3.50E-16,
0xc3de49e0dac704d4cca14c68c1c4019c0b757a6e,Wallet,6.76E-16,
0xc3edcbe0f93a6258c3933e86ffaa3bcf12f8d695,Wallet,2.86E-16,
0xc3f1e77b74503162194ad5578f181ecbbb9abdd3,Wallet,2.67E-16,
0xc42008f4aadc0b487f214d738fcdcea1d0488e9d,Wallet,1.15E-15,
0xc44382353ff4f50f9d1783d3488d795c7ae63d97,Wallet,8.89E-16,
0xc457749236328d6e27fc7441cc32f273d6ad05ad,Wallet,1.73E-15,
0xc47000de7fb7be6a24027563d3aae32e6466423f,Wallet,1.61E-15,
0xc4798b79d22630cee83b4ecb0fd98cd5ff0fbb62,Wallet,6.00E-18,
0xc4a821ce10d6da42d63937f0ea5581ace0e039cc,Wallet,6.96E-16,
0xc57785405108a17015d268f1e8d1b25939abca99,Wallet,1.24E-15,
0xc58a4d5d42ab84609ef9d382d70cf5dd0f79f76e,Wallet,7.35E-16,
0xc58d354e57132cc1dbc8c5a116a92642a9e226b2,Wallet,1.18E-15,
0xc5a2f28bacf1425bfaea14834486f0e9d0832155,Wallet,1.08E-15,
0xc5b66828ac4704cd9d693b906b4a439b64899554,Wallet,1.77E-16,
0xc5e38233cc0d7cff9340e6139367aba498ec9b18,Wallet,1.15E-15,
0xc5fda9b6258b392f120db67202c605bf22c29853,Wallet,1.84E-15,
0xc6088d5794f5a568fa3bd70ef5ee2932cd389a33,Wallet,1.72E-16,
0xc60f2319eec9b91ac6428055eed38a946014571d,Wallet,1.17E-15,
0xc63a4fc7f78bfab4109b367427ce395dee75e411,Wallet,4.61E-16,
0xc66ace54a394f9cd2d9ea94c9ede671d86c44479,Wallet,3.74E-16,
0xc67f2b8cd0570b60c10d13e9be23332f9cc5847d,Wallet,1.22E-15,
0xc69549d1e95b6b9721e07a848a30efbe4b7ee359,Wallet,1.11E-15,
0xc730eb609904f7e7e1388d25dd2cb97fd5b0bec8,Wallet,1.54E-15,
0xc739bad732d102b41a702725676c2eb958172afb,Wallet,1.85E-16,
0xc741c890cceeb4629a55d4a136dff6d87620705f,Wallet,1.09E-15,
0xc7a0d765c3af6e2710ba05a56c5e2ca190c2e11e,Wallet,1.68E-15,
0xc7be8ab06d02920879a9f91546249c43d0f964b9,Wallet,7.74E-16,
0xc7c0ed2f2d6b140d0babfcc006ff73652f11ec78,Wallet,1.64E-15,
0xc7f7d46493f35c075a379026c31a966f009c7b34,Wallet,1.79E-15,
0xc85a331d43bc06aa03152519f43386a00129134a,Wallet,1.23E-16,
0xc8af50428848b28ec5168037b54b7c7d83e168ee,Wallet,7.40E-16,
0xc8ba12882c3547b5fb3bd215f474af365a55157a,Wallet,1.29E-15,
0xc8cd120425e839b5b6dd4f4f92e6d6a02c6fcfb5,Wallet,4.51E-16,
0xc8cde7eb1a9ee36f8f760dd308ca94f6c6fb88ab,Wallet,1.01E-15,
0xc8fa9fd8424deb913fcd5d1810ffc62daee15fc8,Wallet,8.08E-16,
0xc924f2e852a5a0f53e9e4898c79a116c0711f697,Wallet,9.45E-16,
0xc986ca9476edc3c021c04e3306f9e37eed9071ab,Wallet,1.17E-15,
0xc99547f73b0aa2c69e56849e8986137776d72474,Wallet,1.96E-15,
0xc9a46ad123c0243a93d1d9e8684980dcbe082d04,Wallet,5.22E-16,
0xc9a89d9c2a39a6eb1ac221d5375b5ddc8cbb21f7,Wallet,8.50E-17,
0xc9b1131c0f76d0a54d788fa580d80485cb0fd153,Wallet,1.72E-15,
0xc9d13bdcf27b24569d02d28411a9f20852fa8a0a,Wallet,1.27E-15,
0xca11d10ceb098f597a0cab28117fc3465991a63c,Wallet,1.80E-15,
0xca65fd88c2d0b4a012f38c6677f45bbc4186acf5,Wallet,4.20E-17,
0xca8237d54fce40c9ea2aba76b39c1ee929a9ee3c,Wallet,8.88E-16,
0xca9002f447b31ac7344edd4397c2d0e995133bec,Wallet,1.34E-15,
0xcade1e68a994c5b1459ccd19150128ffef09ea3c,Wallet,1.16E-15,
0xcaed80aba928088664d3bd88c596f308472d08f3,Wallet,4.87E-16,
0xcaf6fd54fb74c95b28f5e94952ca21b46e4071cc,Wallet,7.84E-16,
0xcafbc52f8b3d2bde9a2a2c37f0aba2c719d4cfb4,Wallet,1.66E-15,
0xcb17c8e39ec71ec7d9d0738275eb0963a9abc680,Wallet,1.69E-15,
0xcb1dac0c1a5f87dc410a56f0f82e7e3a56be1499,Wallet,1.72E-15,
0xcb25b216e4241535fe0e36d5f83f36a4a30b233e,Wallet,1.42E-15,
0xcb42ac441fcade3935243ea118701f39aa004486,Wallet,1.68E-15,
0xcb44375ba55a072a8a43452f9f6f1e24aebf4666,Wallet,5.00E-16,
0xcb76e303fb99849349a13eb8642bebed2d84eca6,Wallet,7.38E-16,
0xcbb40651ebe30479c5a2b550f6d6d1f130d704da,Wallet,1.22E-15,
0xcbd1eafe9e7e69073de34f444a26e9a92b864397,Wallet,1.70E-15,
0xcc21ca804bbe9e896ebea6caf8618bbbf8b77f8d,Wallet,1.11E-15,
0xcc52d4132a0fd28a6e2e820d0c8e774fe53499f0,Wallet,1.47E-15,
0xcc6aae1af40ceee3f7c0fd7f5041a33be18086bd,Wallet,1.14E-15,
0xcc72716ad89a0f4f2d8033d607c40364489da6dd,Wallet,3.37E-16,
0xcd16ea3603790487befab9cf73120bab45b366a0,Wallet,1.65E-16,
0xcd3f4c42552f24d5d8b1f508f8b8d138b01af53f,Wallet,1.21E-15,
0xcd8672f77c8b789962cb87d5ad8ce22c6cda101a,Wallet,1.55E-15,
0xcde3725b25d6d9bc78cf0941cc15fd9710c764b9,Wallet,1.84E-16,
0xcdfc03c9ef93055ef29e721dcfb8a7c27af03f80,Wallet,1.76E-15,
0xce83fb4e3a09db0e32d8c08dac062cd76321e7ce,Wallet,1.58E-15,
0xce83fbd38ee6f5849ee76f0f9b48a4b520f28e14,Wallet,1.37E-16,
0xd065a22367c749e932ce5531a423e645ef50574b,Wallet,4.21E-16,
0xd08306ecf6da6aae3a3e32d903613e7f971ebf69,Wallet,1.51E-15,
0xd0980a0f458fef22e0419c2f32be1c90418cf39c,Wallet,2.27E-16,
0xd0f0ce76da231fd7682566dd2c9f3919cbf822de,Wallet,1.55E-16,
0xd0f7fbf89106ab6eda8b3cbca65c085fccb87209,Wallet,1.07E-15,
0xd15cf01ffb9955bacebbfedcc8d3ef4d74b4cf6d,Wallet,1.60E-15,
0xd17d1bcde2a28aade2b3b5012f93b8b079d0e86b,Wallet,3.54E-16,
0xd19e1218d9354dd730bb2572c3460e1abe5d2087,Wallet,6.91E-16,
0xd1dc72a669104d8531ef6131e9d4ad3613516ab7,Wallet,1.53E-15,
0xd21797621038b106f1191340b9c9f5febfae8a9b,Wallet,1.27E-15,
0xd2442e571a6556fa556a21aac6fd1ccb492e67b1,Wallet,2.47E-16,
0xd24531cd70e47200db61957a1eebc843eea3d31c,Wallet,1.90E-16,
0xd266f094ca4051b329e00c9516f810e2b0552824,Wallet,8.48E-16,
0xd28bfaea8c886ff6424141278a928f3cde2741f1,Wallet,8.34E-16,
0xd2ee043dc6733aca8dbe2c90fa826283040ff05c,Wallet,5.80E-16,
0xd35879dcb8b040fd8d6ecc5f808f0b4d3c1cbb0f,Wallet,5.41E-16,
0xd3afa376f3094ebbbc97d58384e6bb0351567e39,Wallet,5.73E-16,
0xd407742bf9a60e0470d3e3a1750e571596654e16,Wallet,1.86E-15,
0xd456251afaf2850b9ed58f975a1d59fc0287afb3,Wallet,9.51E-16,
0xd4773a7b457904656aefcb4553874fb9bac5661d,Wallet,1.90E-15,
0xd4aa67f778bba2805bc122f18f3d61df59c7a542,Wallet,6.22E-16,
0xd4b65db36026ddf08859b8175c02c611fde0a020,Wallet,9.30E-17,
0xd51f753ec3a524ae84a0b855b9d9ee29eb3456a3,Wallet,9.36E-16,
0xd59b8bb927ffb4a93bf47000e9f86bfef2b02da4,Wallet,1.76E-15,
0xd59e35bc7c5660ca88119d828672e31094686671,Wallet,8.03E-16,
0xd620e07254651ba249380a9da98816f392396237,Wallet,9.73E-16,
0xd64e1f3a2df4c153f26e7cb79e42673df385d239,Wallet,1.86E-15,
0xd655b45b97afd435f4d61bd522dc5eabf4c23906,Wallet,2.80E-17,
0xd67360166baf50bd81bf7972ae5a4bc105e79f2a,Wallet,8.98E-16,
0xd6782b1aac7a8d63344f2e2699039792646f2078,Wallet,1.28E-15,
0xd68355202b42289d1c23711a79084577ceb3aed4,Wallet,6.31E-16,
0xd6922857c07ae54b5bced4898d1687fc9f650386,Wallet,1.47E-15,
0xd6b8e8e51b258301d86683c7dd3d10f921cdae93,Wallet,1.20E-15,
0xd714d0582b2b15c86f53a2fe877abef986222599,Wallet,4.82E-16,
0xd7477fd6dba1dfa809c2e01f7fb86f90f231a340,Wallet,2.77E-16,
0xd759739a72b1da51bd557bb688bf5d6a56e25cd1,Wallet,1.40E-17,
0xd787001237818c10614bc6cef5d39ccb0348a9da,Wallet,3.33E-16,
0xd791341128718249aefbecb3e7d505679d612a5e,Wallet,1.64E-15,
0xd794ccd4a5cb914af8b8aeb6d49b9c262f934c8e,Wallet,1.89E-15,
0xd7be5692548d971eb47dd7705df2998a87a2c86d,Wallet,5.70E-16,
0xd7c45e4baa638943a722ed72979fa06af27c5af6,Wallet,7.68E-16,
0xd7de943ca6f4f2e5b21015a04f4ac3a317f75e91,Wallet,5.86E-16,
0xd7f4d4b950ac0f215109d9ffcb8db69189b8e6e5,Wallet,1.58E-15,
0xd8542f77a89ac82ccd6701297238e74303cc7f15,Wallet,1.76E-16,
0xd860bdeda496f97a1706ab2fb554bfb88d8822d0,Wallet,8.10E-16,
0xd8878cd579907ae9f111ce2a3b243a08a79ecd27,Wallet,3.31E-16,
0xd8cffe35b591d66f5c6eed6474c3922a362ffea1,Wallet,1.49E-15,
0xd91341f739c2feac1e048a995b0d602d92959123,Wallet,1.12E-15,
0xd9264d9cc2331162b44a9e7b12433248c276e2fa,Wallet,1.28E-15,
0xd95c9af95f3e5b263db0f1e314d81b6eea9fdbf7,Wallet,1.97E-15,
0xd96731108bcd6dbdcdeead2bb7c03d3232619c18,Wallet,7.15E-16,
0xd9b927461ac789147b1b79377bf5bbb885f1bcd3,Wallet,1.25E-15,
0xd9f3c9cc99548bf3b44a43e0a2d07399eb918adc,Wallet,1.95E-15,
0xda0902cb35b422bb83456c2c3f9c3b3ea906042d,Wallet,1.03E-16,
0xda1658b72f09c37a1d8760f9eaa47b475e688217,Wallet,1.88E-15,
0xda3845b44736b57e05ee80fc011a52a9c777423a,Wallet,6.55E-16,
0xda60a41786619e29e4187f8cd40074b577b314b6,Wallet,3.18E-16,
0xdaf8ffc46acc14f9ba210739a63e6874509b2261,Wallet,1.89E-15,
0xdba34fc245119007868a451518e8f50ef821d8d5,Wallet,8.52E-16,
0xdbb9d9663c73fd57071ff44a19cc2a8d3c4db7c8,Wallet,3.03E-16,
0xdbf14da8949d157b57acb79f6eee62412b210900,Wallet,3.95E-16,
0xdc4471ee9dfca619ac5465fde7cf2634253a9dc6,Wallet,1.07E-15,
0xdc806dba2bf1eeb4ea9bee6ee254b3c371d70033,Wallet,4.20E-16,
0xdcb7e2c8ab24c1e7f90be5d0fbdcef4a7af6c7e6,Wallet,8.90E-16,
0xdcfd7679f86d6cbcb3e5cff9bca8d3f3468e98b3,Wallet,7.81E-16,
0xdd175a204142040850211b529dcb9af6ee743e1b,Wallet,1.34E-15,
0xdd95a60eca63c3215d615178c85560eae6b7723f,Wallet,1.45E-15,
0xddb07603b8c98d6bd7b3067a5cb068a54aa319d2,Wallet,1.97E-15,
0xddb92a96054132801cae3943b2f966fc2c308ac8,Wallet,1.34E-15,
0xddc674c29f2b34fc2338b719c0ae711b063eeadb,Wallet,7.79E-16,
0xdf144bb2b01e65b6743340d93b1b2d38be6ac0f6,Wallet,1.06E-15,
0xdf410708ecf053274ddf0c2318649524abf1dc87,Wallet,1.43E-15,
0xdf5a22af0b1f1150a88c10ce157c7d0d75368b2f,Wallet,8.80E-17,
0xdf9f9104afeb481efa156ec8848372d37533b86a,Wallet,4.75E-16,
0xdfafa55c52beee3548272e3c2678bdf5b65d33b4,Wallet,1.71E-15,
0xdfb57b7b2f7cf98536fa9bbc74814d2cb9930678,Wallet,1.23E-15,
0xe02a25580b96be0b9986181fd0b4cf2b9fd75ec2,Wallet,1.64E-15,
0xe092d0a9148f06b0cf0ee05b725564b8fe09412e,Wallet,1.29E-15,
0xe0982e0d39eee312017c58dba76c99ca59b8a958,Wallet,8.17E-16,
0xe0e1a0d93ee8719c6700b4df70f5cb3d68acbded,Wallet,3.93E-16,
0xe12661d6d261b95cfcd9b8662d5580f755f046b7,Wallet,1.67E-15,
0xe13923a92c70cd75daeed7fb0503fdce1c691ab1,Wallet,1.98E-16,
0xe14f40c08d7da49895dc28c86b7d25e97aadbad2,Wallet,6.50E-17,
0xe19dce23471f904adf2cef382ef7e4c3042ffb4a,Wallet,1.29E-15,
0xe1b56f393e7f7e2858b294fda14faf57ce1785ba,Wallet,3.82E-16,
0xe1bf85dd90b25b1f38015a38ab7f152758786aca,Wallet,1.57E-15,
0xe1c5195a9ecd4083eead4dc4eca2ac73983ff83a,Wallet,6.07E-16,
0xe1c7e4facc3ab6f5e129268a25864e2131c454eb,Wallet,5.29E-16,
0xe278102f52e2c6e026df66af8da967d6466951ba,Wallet,7.25E-16,
0xe2a5f5258eab072385f25f12113c42f0ca82bed7,Wallet,2.22E-16,
0xe2cea50ba5a302a691b93692e74786d6484db295,Wallet,1.56E-15,
0xe2f31eaef47c69c6129c4ece490cd99807bf47e3,Wallet,5.06E-16,
0xe328361fa5bd042c27bf119519cdb7e70400f5ed,Wallet,1.31E-15,
0xe388b3d9c3a45a81a838d0701dd3504374546bbf,Wallet,1.48E-15,
0xe3f378b6cc308b3d3ad676aa5ea0ae9c29e0d04c,Wallet,1.30E-15,
0xe418a04a4e530494ffe91e705ada3a633f83de28,Wallet,1.82E-15,
0xe424232353d994c659cd890902e8f33f61fc3a8d,Wallet,2.41E-16,
0xe42c80520511533faa23a576397d7a917609d5cc,Wallet,6.24E-16,
0xe44496d9875b9ac0c1361b7c318cd0f7f27ccdf9,Wallet,1.71E-15,
0xe44537532ea2a3c61ba00a47b53396f8a3fd8a73,Wallet,1.68E-15,
0xe49c85e5f5189653e4c9e4331067d99ae8f06ca0,Wallet,1.42E-15,
0xe4dc106d97497fa7a36c4bceff120a8b561d3b01,Wallet,1.45E-15,
0xe5078f706e33be924de35161f6f02b094bb7222e,Wallet,6.63E-16,
0xe507f2d7de97c783a60fef9f1c4a4dade2b0a989,Wallet,2.35E-16,
0xe53fc7ce96ec15463aa293deae94de0242bbea77,Wallet,2.30E-17,
0xe56187983efb1ad4b1d51e9044a6c7258080fbcc,Smart Contract,7.04E-16,
0xe568ca143592df06a7eabfd4d9d563f1289dc607,Wallet,1.82E-15,
0xe579cb4431b92f64a6e02fa4ca9e5091049b8392,Wallet,2.72E-16,
0xe5c030d8af0e024e60bc04fb0240fd470e6ab28a,Wallet,8.60E-17,
0xe5d16617c2d5405a6e149bbb57ef7d4a87e49b5f,Wallet,1.09E-15,
0xe61e3d930418138cebdc64883071a698d4e2d4d7,Wallet,9.49E-16,
0xe638cb3fa853622b2824cbdab3c27b06e8049651,Wallet,1.34E-16,
0xe67b18b27db897ff71994a6ad3890626620e580a,Wallet,1.30E-15,
0xe6d8796db42080df3bf047961d9cfb274865066e,Wallet,1.08E-15,
0xe6e01d9a3fdea516ec28a3ec980685ee0d6ef360,Wallet,1.88E-15,
0xe6e08e4261049b9a4c1fee8d1d352a23552d4049,Wallet,2.38E-16,
0xe74ee0b9cd45bc6ad819120957116422c0c62650,Wallet,5.82E-16,
0xe74f6fe753d91883c3f7e97c1dcc5b9f0ce6ab32,Wallet,1.10E-15,
0xe773382a7574de1c82b1f67099e680c043048708,Wallet,1.78E-15,
0xe7ad5a0fcdfefce6cf203f94a1bf7ca01fdcb060,Wallet,1.71E-15,
0xe7bd51dc30d4bdc9fddd42ea7c0a283590c9d416,Wallet,7.17E-16,
0xe7f1337132dd8fdd8888f9f7c478c87e3e63d1ed,Wallet,3.49E-16,
0xe7f2866f4fe87d423e133a09f70f24f9b8719c04,Wallet,1.33E-15,
0xe8270b17f341871e814a157142f0fedccb7a9a92,Wallet,1.80E-15,
0xe85ca182dfc6e183492623d96975ea67eb1fb03f,Wallet,3.20E-16,
0xe8c87d8e3b3e4104f1b5b5414df0bc6442736403,Wallet,7.84E-16,
0xe8d0587d82ae54b0dd1f8e234ba3f0ce1e2f047a,Wallet,8.53E-16,
0xe92e55f7970bd32d466e788401e24daf8466803a,Wallet,1.35E-16,
0xe94af89a63db1cd0ab5ba434ac647109b4579dc9,Wallet,1.37E-15,
0xe9771f5538c69df41ac07ccbb39edf67383f531f,Wallet,1.79E-15,
0xe9b772ffad24c59eb19869209957da5d33f78697,Wallet,1.64E-15,
0xea3125a187a442a4d1dba5cc62638345ce262b6c,Wallet,7.50E-16,
0xea5185ff5cfa5373bd022b2cc4495bb37183c911,Wallet,6.43E-16,
0xea5a5a7858bf212c26217bcdac0f668aa147792a,Wallet,5.65E-16,
0xea83321a41c69070c971cd9ca193366d6be8ddc4,Wallet,1.06E-15,
0xeac7fc039b337753bda03112e6dc5c2429475f84,Wallet,1.27E-15,
0xeac855c5e53f41910bed79ca1803302174e1efc2,Wallet,1.69E-15,
0xeacea8fe37a9f0e36f060a9bdd76b9d680002631,Wallet,1.84E-15,
0xead6365c2926006facfe0411db42702888722453,Wallet,1.97E-15,
0xeafea909b029d827d1941c7091d727eb898742c0,Wallet,1.36E-15,
0xeb3584f7266151cf9273a52973c80fca48670c52,Wallet,9.27E-16,
0xeb54d707252ee9e26e6a4073680bf71154ce7ab5,Wallet,8.24E-16,
0xeb829e2fa607da8dc656c31afb2784c8589fe2ca,Wallet,1.11E-15,
0xeb889d3ffd7170cd1e25a3b2cb0d522b8eaa5cb7,Wallet,1.76E-15,
0xeb95ff72eab9e8d8fdb545fe15587accf410b42e,Wallet,8.92E-16,
0xebe71b162c4fd6be6f07bf11b17d271c1087bd8b,Wallet,1.48E-15,
0xebf96b95e2d08651856ff82771876338ac289f06,Wallet,1.13E-15,
0xebf9e04e2f682375b789fdf0b379abfc2dab7444,Wallet,1.92E-15,
0xec142e3590acff7204852c7f2f336dd1aa3616e4,Wallet,1.88E-15,
0xec3ae01faab0a71020e7680197a2ccd9c5b09d3b,Wallet,1.32E-15,
0xec49a8685696d46c5bd549295ca50656adb3a04d,Wallet,1.76E-15,
0xec541e28f4234769e53dca7d41208ec3959d2a2d,Wallet,2.80E-16,
0xec59e07bd0ca0974e0f12b8bf94aa5a3a069fb47,Wallet,2.10E-16,
0xecbde5878a4127b8def2af355dc7e2be5311f904,Wallet,1.25E-15,
0xecd670ddd133db17d5c1ef873dc666391dbb4c9e,Wallet,1.87E-15,
0xece772fe6bb5e9869c12ecfa94f5a6b463ee6cd7,Wallet,1.63E-15,
0xed03133deb56d7e94e289a6e2db4d508f0a3bb2b,Wallet,3.85E-16,
0xed108cc5bb08d2ec0bf30433d47663c53b8b493f,Wallet,8.74E-16,
0xed398207eaee3ec82e3ef0cb43e0653ae6133dd8,Wallet,6.21E-16,
0xed79705695820295521178096d3c6d7655ceb3bd,Wallet,7.58E-16,
0xed9c5b6255004142e8bf8479803a895e8098ef25,Wallet,1.15E-15,
0xeddb07097a9902cbdbc413a39f0feeb07033a621,Wallet,3.24E-16,
0xeddcea42d74a74f868e89f612c1838eb8bb367e4,Wallet,2.34E-16,
0xede7845d26f971313d1581f590be077ba6a50c5d,Wallet,1.24E-15,
0xee175d6055ae24217bf9b56149ec29e2375832fb,Wallet,5.68E-16,
0xee9d80ac01d5455ea033a044b02519aa52b9aabf,Wallet,1.32E-15,
0xeeb6faae3094b31859f6b7b34a183ae212e43cfb,Wallet,3.19E-16,
0xef2854f3e686b1678c2a86c040f98770e55abde9,Wallet,1.55E-15,
0xef3ebf106f21b406d80154c1cf2b05214853e9d2,Wallet,1.13E-15,
0xef407f9a8353fcf0055255f8dbbd97721a35233c,Wallet,5.78E-16,
0xef58304e292fbaeacfdec25b67b3438031fde313,Wallet,1.20E-15,
0xef71efe9e109d8b9caeddb0b1d3749b80220a987,Wallet,1.85E-15,
0xef76e8486416061cdc0c5bf7df45d172d53bbf56,Wallet,5.38E-16,
0xefa37a503475ec6addfb500a7bf5900ace19fe40,Wallet,1.20E-17,
0xefd8cc5a8f8ba4fdd230c60c9505c83a1d432f47,Wallet,1.68E-15,
0xeff595069990591c848998ca809c92d319540cfa,Wallet,1.21E-15,
0xf014b746d7f8169f0d14886277e5dd0dd49718d8,Wallet,1.79E-15,
0xf042025bcbbef4561601a85c3fb692f43dffc7b4,Wallet,9.48E-16,
0xf0558211af37fa7c6b1f87d41b89b25a9591a001,Wallet,3.51E-16,
0xf09b310197c6c09986f074ab1223cd50e3a9f4b1,Wallet,1.90E-15,
0xf0b625f8e82dfb9db84d8734c386b7ee1e56cd70,Wallet,3.39E-16,
0xf0bd2a6688661cd5495b0ceb8ba55cffbc0d817e,Wallet,1.90E-15,
0xf11cb1eb79dde1d95d215e65f5b1fe4f9a22a2d1,Wallet,1.87E-15,
0xf145ea35f95feff2b7a81f9fbbc12029c702110e,Wallet,1.26E-15,
0xf16323db45ffda53adc9eeb30632009041069699,Wallet,1.53E-15,
0xf1a61c8bba01241fce15e447ebc808bdd08043a7,Wallet,8.30E-17,
0xf253ff4fa747e387011afe5e4446fae54a91bc8e,Wallet,1.73E-15,
0xf296178d553c8ec21a2fbd2c5dda8ca9ac905a00,Wallet,1.56E-15,
0xf2e33dce287f164e1e3f0a8916ff511042dd7f79,Wallet,1.14E-15,
0xf2e4d194eedeee5212300694d019008d9a2d55fd,Wallet,1.83E-15,
0xf2fbd5842bd7ced84c0ce0473de4c89abf765cd1,Wallet,8.28E-16,
0xf2fbe5874344384bf476387475c73182cb15691b,Wallet,1.99E-16,
0xf326e3faf675fb22c3be629da250a8d43ce0e1d9,Wallet,1.62E-15,
0xf33f4df9d5693ec35be246557e52ba250cf437dd,Wallet,1.04E-15,
0xf357c3e0fa419639b9b9e8e5b531f573127810b3,Wallet,1.03E-15,
0xf35880094dc18df096891e4ccb51212d00311b86,Wallet,1.93E-15,
0xf3b3b724e16803cca99d8a07e32e84e63036e207,Wallet,4.89E-16,
0xf3d0bc3abd281823489f0d3cdedd52b1d39ab79a,Wallet,7.39E-16,
0xf3e52c9756a7cc53f15895b11cc248b1694c3d81,Wallet,2.99E-16,
0xf480935955d38a332cf40c65add722d46b922462,Wallet,5.10E-17,
0xf4884ce82ee55ece5db07044c374ecc86e7562d7,Wallet,2.03E-16,
0xf496c11f18f25c72b0df389d9f254be697bcbccd,Wallet,2.02E-16,
0xf4a95d0efa800fa4384c6767ba75f8d1930b0c36,Wallet,1.87E-15,
0xf548762e12d103c93da84146c166b135e9b464a6,Wallet,1.26E-15,
0xf548bfdca520a558b8652741ce62c301a98646c3,Wallet,5.87E-16,
0xf569744cbe821335432f77681251d24d8f3ea63c,Wallet,1.01E-15,
0xf57a9603a77eed9522e0dd336e8ba760a694f989,Wallet,2.38E-16,
0xf586b3a66022dac2c0279ef6a2f3a968ec243efa,Wallet,1.43E-15,
0xf645b44ff5e857d374bedc0b67857b25e38cf4c5,Wallet,9.59E-16,
0xf695c38e1af676b8fcdb65b80e62d70e28f2b6e1,Wallet,1.72E-15,
0xf6fdee29e3a14610fdbe187e2d3442543cfa45b8,Wallet,7.44E-16,
0xf75f3fa98db39b49b756d70f10dda8516e412a2a,Wallet,1.96E-15,
0xf76aa3df1d21b4f605f8e43e1bc18e62e9a3614d,Wallet,1.98E-15,
0xf7b80fb88571f63824d138cab71e21487777991d,Wallet,1.67E-15,
0xf7ee6c2f811b52c72efd167a1bb3f4adaa1e0f89,Wallet,1.38E-15,
0xf7f1917114def5a64a211409c0e295fbd5936d87,Wallet,1.79E-15,
0xf823825dc97a8c81ec09d53b6e3f734e76e60cb6,Wallet,1.59E-16,
0xf854bbf2ea3f82fcf26bf91778dd8644de988c7b,Wallet,1.41E-15,
0xf8b12f8e72157bd35b619a23a891f2e4e80488d4,Wallet,7.92E-16,
0xf8cfd02ede2eee3be0883733969c527170b2db1c,Wallet,6.09E-16,
0xf8fa632713dd1486899f4eac665fadbc5659185a,Wallet,1.21E-15,
0xf90494e746be5674f3121c62a588dadd2b3d3d4e,Wallet,5.21E-16,
0xf91e3017c894e9a240972fcb7a771c355b7d2b16,Wallet,1.32E-15,
0xf95fbbf2fcbab485d80194bad624cefbcee53b86,Wallet,1.65E-15,
0xf9bcc24f2d79aa6fffdbd024192c1e19cfdeca2c,Wallet,2.45E-16,
0xf9d298d6ca65e890a6b275675267db3575b8dde4,Wallet,8.47E-16,
0xf9eda90b87faee8a1f9baa1bbfe7def86997a97a,Wallet,7.20E-17,
0xf9fa5c7814d160e33672f3ae4f57d36755503473,Wallet,1.45E-15,
0xfa1d4673a63c29b2c6a0f4583b4cca8a218f7455,Wallet,7.90E-17,
0xfa38dbfdb93b34db9f2e72c57d97ee793d8380a9,Wallet,1.74E-15,
0xfa3c51238f2db4958afb33c42f5f42b5d6d1a37a,Wallet,1.78E-15,
0xfa46fb8d0a991ac62bd83e1db1fe8aba51ef6dd2,Wallet,2.93E-16,
0xfa56eebab14fbba0f921bd2c4f73253bd62d0f78,Wallet,8.80E-16,
0xfa595a41018dd2dbfff8147fcc5478bb424e3984,Wallet,1.23E-15,
0xfa66b7ce09a66219a4cf0804498438c7ebe82a07,Wallet,1.11E-15,
0xfadd3b0dcfb0ae4a0ee676fab249bfbb0560c78f,Wallet,1.40E-15,
0xfb0063dd18991c6a2c5829a687454fa094a4ed13,Wallet,1.18E-15,
0xfb93cd65d8d24a36050bcb947ee2664261bf2f0a,Wallet,1.38E-15,
0xfba5d51c45387c456f18f09fa9fe86aecd63bd72,Wallet,1.72E-15,
0xfbb8ea251d48baefe457daed904fc81e552ff294,Wallet,9.28E-16,
0xfbc96552785853c6ebe6ecf7a48d214c08c5f09b,Wallet,1.70E-15,
0xfc3ec38deb49149724ca16f4bd12fa0c5584b44b,Wallet,1.86E-15,
0xfc7c64e60425818f2ca2870ee2ca5c2b8644b24c,Wallet,7.73E-16,
0xfcd337655e8158daad1461d6f25a24347be73e89,Wallet,1.14E-15,
0xfcdd256267ade068babfb94f526a47aadf143a55,Wallet,1.44E-15,
0xfd37f4625ca5816157d55a5b3f7dd8dd5f8a0c2f,Wallet,1.01E-15,
0xfd7f95ecc92fb0eb572a5cc3b154be6a51b6fa22,Wallet,1.06E-15,
0xfda34c9af9b315e8510799f762549a392142c552,Wallet,1.26E-15,
0xfe35e15be885750d9b2363cbb6abdd57ac9c4c40,Wallet,2.02E-16,
0xfe36143c591e4c6281aba69e39cfdc74bc926d44,Wallet,5.53E-16,
0xfe5197fb40e111cd7bdaec5e325ebf21f3226dad,Wallet,4.00E-16,
0xffabcee5cd4cebf47c529d9eed1111cbbb525b35,Wallet,1.06E-15,
0xffc28af8125c328c49f2b08bf3f3ef295e0b1c20,Wallet,1.39E-15,
0xfffd74a8d5366ded774d5ae13bb9f31b922f2f06,Wallet,6.32E-16,
